/*
SQLyog Community v12.4.3 (64 bit)
MySQL - 5.7.19-0ubuntu0.16.04.1 : Database - fleettracker
*********************************************************************
*/

/*!40101 SET NAMES utf8 */;

/*!40101 SET SQL_MODE=''*/;

/*!40014 SET @OLD_UNIQUE_CHECKS=@@UNIQUE_CHECKS, UNIQUE_CHECKS=0 */;
/*!40014 SET @OLD_FOREIGN_KEY_CHECKS=@@FOREIGN_KEY_CHECKS, FOREIGN_KEY_CHECKS=0 */;
/*!40101 SET @OLD_SQL_MODE=@@SQL_MODE, SQL_MODE='NO_AUTO_VALUE_ON_ZERO' */;
/*!40111 SET @OLD_SQL_NOTES=@@SQL_NOTES, SQL_NOTES=0 */;


/*Data for the table `countries` */

insert  into `countries`(`id`,`name`,`eu`,`priority`,`code`,`deleted_at`,`created_at`) values 
(1,'Bulgaria',1,0,'bg',NULL,'2017-08-17 11:12:25'),
(2,'Usa',0,0,'us',NULL,'2017-08-17 11:12:25');

/*Data for the table `renewal_types` */

insert  into `renewal_types`(`id`,`name`,`deleted_at`,`deleted_by`,`created_at`) values 
(1,'annual_technical_inspection',NULL,1,'2017-08-17 11:13:31'),
(2,'vignette_bg',NULL,NULL,'2017-08-17 11:13:31'),
(3,'motor_vehicle_tax',NULL,NULL,'2017-08-17 11:13:31'),
(4,'vehicle_liability_insurance',NULL,NULL,'2017-08-17 11:13:31'),
(5,'vehicle_insurance',NULL,NULL,'2017-08-17 11:13:31');

/*Data for the table `service_types` */

insert  into `service_types`(`id`,`name`,`multiple`,`deleted_at`,`deleted_by`,`owner`,`category`,`created_at`) values 
(1,'engine_oil',0,NULL,NULL,NULL,'liquids','2017-08-17 11:10:23'),
(2,'transmission_oil',0,NULL,NULL,NULL,'liquids','2017-08-17 11:10:23'),
(3,'antifreeze',0,NULL,NULL,NULL,'liquids','2017-08-17 11:10:23'),
(4,'hydraulic_fluid',0,NULL,NULL,NULL,'liquids','2017-08-17 11:10:23'),
(5,'differential_oil',0,NULL,NULL,NULL,'liquids','2017-08-17 11:10:23'),
(6,'brake_fluid',0,NULL,NULL,NULL,'liquids','2017-08-17 11:10:23'),
(7,'timing_belt',0,NULL,NULL,NULL,'engine','2017-08-17 11:10:23'),
(8,'timing_chain',0,NULL,NULL,NULL,'engine','2017-08-17 11:10:23'),
(9,'water_pump',0,NULL,NULL,NULL,'engine','2017-08-17 11:10:23'),
(10,'spark_plug',1,NULL,NULL,NULL,'engine','2017-08-17 11:10:23'),
(11,'track_belt',0,NULL,NULL,NULL,'engine','2017-08-17 11:10:23'),
(12,'thermostat',1,NULL,NULL,NULL,'engine','2017-08-17 11:10:23'),
(13,'oil_filter',0,NULL,NULL,NULL,'filters','2017-08-17 11:10:23'),
(14,'air_filter',0,NULL,NULL,NULL,'filters','2017-08-17 11:10:23'),
(15,'fuel_filter',0,NULL,NULL,NULL,'filters','2017-08-17 11:10:23'),
(16,'transmission_oil_filter',0,NULL,NULL,NULL,'filters','2017-08-17 11:10:23'),
(17,'cockpit_filter',0,NULL,NULL,NULL,'filters','2017-08-17 11:10:23'),
(18,'front_brake_rotor',0,NULL,NULL,NULL,'brakes','2017-08-17 11:10:23'),
(19,'front_brake_pads',0,NULL,NULL,NULL,'brakes','2017-08-17 11:10:23'),
(20,'rear_brake_rotor',0,NULL,NULL,NULL,'brakes','2017-08-17 11:10:23'),
(21,'cylinders_and_seal_machines',1,NULL,NULL,NULL,'brakes','2017-08-17 11:10:23'),
(22,'rear_brake_pads',0,NULL,NULL,NULL,'brakes','2017-08-17 11:10:23'),
(23,'front_shock_absorber',0,NULL,NULL,NULL,'suspension','2017-08-17 11:10:23'),
(24,'rear_shock_absorber',0,NULL,NULL,NULL,'suspension','2017-08-17 11:10:23'),
(25,'rear_left_upper_wishbone',0,NULL,NULL,NULL,'suspension','2017-08-17 11:10:23'),
(26,'front_right_lower_wishbone',0,NULL,NULL,NULL,'suspension','2017-08-17 11:10:23'),
(28,'right_stabilizer_link',0,NULL,NULL,NULL,'suspension','2017-08-17 11:10:23'),
(29,'left_stabilizer_link',0,NULL,NULL,NULL,'suspension','2017-08-17 11:10:23'),
(30,'left_tie_rod_end',0,NULL,NULL,NULL,'suspension','2017-08-17 11:10:23'),
(31,'right_tie_rod_end',0,NULL,NULL,NULL,'suspension','2017-08-17 11:10:23'),
(32,'rear_left_lower_wishbone',0,NULL,NULL,NULL,'suspension','2017-08-17 11:10:23'),
(33,'front_right_upper_wishbone',0,NULL,NULL,NULL,'suspension','2017-08-17 11:10:23'),
(34,'rear_right_lower_wishbone',0,NULL,NULL,NULL,'suspension','2017-08-17 11:10:23'),
(35,'rear_right_upper_wishbone',0,NULL,NULL,NULL,'suspension','2017-08-17 11:10:23'),
(36,'front_left_lower_wishbone',0,NULL,NULL,NULL,'suspension','2017-08-17 11:10:23'),
(37,'front_left_upper_wishbone',0,NULL,NULL,NULL,'suspension','2017-08-17 11:10:23'),
(38,'front_wipers',0,NULL,NULL,NULL,'other','2017-08-17 11:10:23'),
(39,'rear_wiper',0,NULL,NULL,NULL,'other','2017-08-17 11:10:23'),
(40,'battery',0,NULL,NULL,NULL,'other','2017-08-17 11:10:23'),
(41,'fuses',1,NULL,NULL,NULL,'other','2017-08-17 11:10:23'),
(42,'lights',1,NULL,NULL,NULL,'other','2017-08-17 11:10:23'),
(43,'alternator',0,NULL,NULL,NULL,'other','2017-08-17 11:10:23'),
(44,'air_conditioning_compressor',0,NULL,NULL,NULL,'other','2017-08-17 11:10:23'),
(45,'clutch',0,NULL,NULL,NULL,'other','2017-08-17 11:10:23'),
(46,'flywheel',0,NULL,NULL,NULL,'other','2017-08-17 11:10:23'),
(47,'catalytic_converter',0,NULL,NULL,NULL,'other','2017-08-17 11:10:23'),
(48,'diesel_particulate_filter',0,NULL,NULL,NULL,'other','2017-08-17 11:10:23');

/*Data for the table `vehicle_makers` */

insert  into `vehicle_makers`(`id`,`name`,`country_id`,`deleted_at`,`deleted_by`,`created_at`) values 
(83,'Chatenet',NULL,NULL,NULL,'2017-08-17 11:14:12'),
(100,'Spyker',NULL,NULL,NULL,'2017-08-17 11:14:12'),
(112,'Casalini',NULL,NULL,NULL,'2017-08-17 11:14:12'),
(113,'Westfield',NULL,NULL,NULL,'2017-08-17 11:14:12'),
(121,'Artega',NULL,NULL,NULL,'2017-08-17 11:14:12'),
(122,'Grecav',NULL,NULL,NULL,'2017-08-17 11:14:12'),
(125,'Ruf',NULL,NULL,NULL,'2017-08-17 11:14:12'),
(135,'Tesla',NULL,NULL,NULL,'2017-08-17 11:14:12'),
(137,'McLaren',NULL,NULL,NULL,'2017-08-17 11:14:12'),
(140,'Abarth',NULL,NULL,NULL,'2017-08-17 11:14:12'),
(149,'Pagani',NULL,NULL,NULL,'2017-08-17 11:14:12'),
(172,'Fisker',NULL,NULL,NULL,'2017-08-17 11:14:12'),
(186,'Hamann',NULL,NULL,NULL,'2017-08-17 11:14:12'),
(188,'speedART',NULL,NULL,NULL,'2017-08-17 11:14:12'),
(189,'TECHART',NULL,NULL,NULL,'2017-08-17 11:14:12'),
(203,'AC',NULL,NULL,NULL,'2017-08-17 11:14:12'),
(204,'Gemballa',NULL,NULL,NULL,'2017-08-17 11:14:12'),
(205,'GAC Gonow',NULL,NULL,NULL,'2017-08-17 11:14:12'),
(235,'DS Automobiles',NULL,NULL,NULL,'2017-08-17 11:14:12'),
(255,'Donkervoort',NULL,NULL,NULL,'2017-08-17 11:14:12'),
(375,'Acura',NULL,NULL,NULL,'2017-08-17 11:14:12'),
(800,'Aixam',NULL,NULL,NULL,'2017-08-17 11:14:12'),
(900,'Alfa Romeo',NULL,NULL,NULL,'2017-08-17 11:14:12'),
(1100,'ALPINA',NULL,NULL,NULL,'2017-08-17 11:14:12'),
(1400,'Other',NULL,NULL,NULL,'2017-08-17 11:14:12'),
(1700,'Aston Martin',NULL,NULL,NULL,'2017-08-17 11:14:12'),
(1750,'Asia Motors',NULL,NULL,NULL,'2017-08-17 11:14:12'),
(1900,'Audi',NULL,NULL,NULL,'2017-08-17 11:14:12'),
(1950,'Austin Healey',NULL,NULL,NULL,'2017-08-17 11:14:12'),
(2000,'Austin',NULL,NULL,NULL,'2017-08-17 11:14:12'),
(3100,'Bentley',NULL,NULL,NULL,'2017-08-17 11:14:12'),
(3500,'BMW',NULL,NULL,NULL,'2017-08-17 11:14:12'),
(3850,'Borgward',NULL,NULL,NULL,'2017-08-17 11:14:12'),
(4025,'Brilliance',NULL,NULL,NULL,'2017-08-17 11:14:12'),
(4350,'Bugatti',NULL,NULL,NULL,'2017-08-17 11:14:12'),
(4400,'Buick',NULL,NULL,NULL,'2017-08-17 11:14:12'),
(4700,'Cadillac',NULL,NULL,NULL,'2017-08-17 11:14:12'),
(5300,'Caterham',NULL,NULL,NULL,'2017-08-17 11:14:12'),
(5600,'Chevrolet',NULL,NULL,NULL,'2017-08-17 11:14:12'),
(5700,'Chrysler',NULL,NULL,NULL,'2017-08-17 11:14:12'),
(5900,'Citroën',NULL,NULL,NULL,'2017-08-17 11:14:12'),
(6200,'Cobra',NULL,NULL,NULL,'2017-08-17 11:14:12'),
(6325,'Corvette',NULL,NULL,NULL,'2017-08-17 11:14:12'),
(6600,'Dacia',NULL,NULL,NULL,'2017-08-17 11:14:12'),
(6800,'Daewoo',NULL,NULL,NULL,'2017-08-17 11:14:12'),
(7000,'Daihatsu',NULL,NULL,NULL,'2017-08-17 11:14:12'),
(7400,'DeTomaso',NULL,NULL,NULL,'2017-08-17 11:14:12'),
(7700,'Dodge',NULL,NULL,NULL,'2017-08-17 11:14:12'),
(8600,'Ferrari',NULL,NULL,NULL,'2017-08-17 11:14:12'),
(8800,'Fiat',NULL,NULL,NULL,'2017-08-17 11:14:12'),
(9000,'Ford',NULL,NULL,NULL,'2017-08-17 11:14:12'),
(9900,'GMC',NULL,NULL,NULL,'2017-08-17 11:14:12'),
(10850,'Holden',NULL,NULL,NULL,'2017-08-17 11:14:12'),
(11000,'Honda',NULL,NULL,NULL,'2017-08-17 11:14:12'),
(11050,'Hummer',NULL,NULL,NULL,'2017-08-17 11:14:12'),
(11600,'Hyundai',NULL,NULL,NULL,'2017-08-17 11:14:12'),
(11650,'Infiniti',NULL,NULL,NULL,'2017-08-17 11:14:12'),
(11900,'Isuzu',NULL,NULL,NULL,'2017-08-17 11:14:12'),
(12100,'Iveco',NULL,NULL,NULL,'2017-08-17 11:14:12'),
(12400,'Jaguar',NULL,NULL,NULL,'2017-08-17 11:14:12'),
(12600,'Jeep',NULL,NULL,NULL,'2017-08-17 11:14:12'),
(13200,'Kia',NULL,NULL,NULL,'2017-08-17 11:14:12'),
(13450,'Koenigsegg',NULL,NULL,NULL,'2017-08-17 11:14:12'),
(13900,'KTM',NULL,NULL,NULL,'2017-08-17 11:14:12'),
(14400,'Lada',NULL,NULL,NULL,'2017-08-17 11:14:12'),
(14600,'Lamborghini',NULL,NULL,NULL,'2017-08-17 11:14:12'),
(14700,'Lancia',NULL,NULL,NULL,'2017-08-17 11:14:12'),
(14800,'Land Rover',NULL,NULL,NULL,'2017-08-17 11:14:12'),
(14845,'Landwind',NULL,NULL,NULL,'2017-08-17 11:14:12'),
(15200,'Lexus',NULL,NULL,NULL,'2017-08-17 11:14:12'),
(15400,'Ligier',NULL,NULL,NULL,'2017-08-17 11:14:12'),
(15500,'Lincoln',NULL,NULL,NULL,'2017-08-17 11:14:12'),
(15900,'Lotus',NULL,NULL,NULL,'2017-08-17 11:14:12'),
(16200,'Mahindra',NULL,NULL,NULL,'2017-08-17 11:14:12'),
(16600,'Maserati',NULL,NULL,NULL,'2017-08-17 11:14:12'),
(16700,'Maybach',NULL,NULL,NULL,'2017-08-17 11:14:12'),
(16800,'Mazda',NULL,NULL,NULL,'2017-08-17 11:14:12'),
(17200,'Mercedes-Benz',NULL,NULL,NULL,'2017-08-17 11:14:12'),
(17300,'MG',NULL,NULL,NULL,'2017-08-17 11:14:12'),
(17500,'MINI',NULL,NULL,NULL,'2017-08-17 11:14:12'),
(17700,'Mitsubishi',NULL,NULL,NULL,'2017-08-17 11:14:12'),
(17900,'Morgan',NULL,NULL,NULL,'2017-08-17 11:14:12'),
(18700,'Nissan',NULL,NULL,NULL,'2017-08-17 11:14:12'),
(18875,'NSU',NULL,NULL,NULL,'2017-08-17 11:14:12'),
(18975,'Oldsmobile',NULL,NULL,NULL,'2017-08-17 11:14:12'),
(19000,'Opel',NULL,NULL,NULL,'2017-08-17 11:14:12'),
(19300,'Peugeot',NULL,NULL,NULL,'2017-08-17 11:14:12'),
(19600,'Piaggio',NULL,NULL,NULL,'2017-08-17 11:14:12'),
(19800,'Plymouth',NULL,NULL,NULL,'2017-08-17 11:14:12'),
(20000,'Pontiac',NULL,NULL,NULL,'2017-08-17 11:14:12'),
(20100,'Porsche',NULL,NULL,NULL,'2017-08-17 11:14:12'),
(20200,'Proton',NULL,NULL,NULL,'2017-08-17 11:14:12'),
(20700,'Renault',NULL,NULL,NULL,'2017-08-17 11:14:12'),
(21600,'Rolls-Royce',NULL,NULL,NULL,'2017-08-17 11:14:12'),
(21700,'Rover',NULL,NULL,NULL,'2017-08-17 11:14:12'),
(21800,'Saab',NULL,NULL,NULL,'2017-08-17 11:14:12'),
(22000,'Santana',NULL,NULL,NULL,'2017-08-17 11:14:12'),
(22500,'Seat',NULL,NULL,NULL,'2017-08-17 11:14:12'),
(22900,'Skoda',NULL,NULL,NULL,'2017-08-17 11:14:12'),
(23000,'Smart',NULL,NULL,NULL,'2017-08-17 11:14:12'),
(23100,'Ssangyong',NULL,NULL,NULL,'2017-08-17 11:14:12'),
(23500,'Subaru',NULL,NULL,NULL,'2017-08-17 11:14:12'),
(23600,'Suzuki',NULL,NULL,NULL,'2017-08-17 11:14:12'),
(23800,'Talbot',NULL,NULL,NULL,'2017-08-17 11:14:12'),
(23825,'Tata',NULL,NULL,NULL,'2017-08-17 11:14:12'),
(24100,'Toyota',NULL,NULL,NULL,'2017-08-17 11:14:12'),
(24200,'Trabant',NULL,NULL,NULL,'2017-08-17 11:14:12'),
(24400,'Triumph',NULL,NULL,NULL,'2017-08-17 11:14:12'),
(24500,'TVR',NULL,NULL,NULL,'2017-08-17 11:14:12'),
(25100,'Volvo',NULL,NULL,NULL,'2017-08-17 11:14:12'),
(25200,'Volkswagen',NULL,NULL,NULL,'2017-08-17 11:14:12'),
(25300,'Wartburg',NULL,NULL,NULL,'2017-08-17 11:14:12'),
(25650,'Wiesmann',NULL,NULL,NULL,'2017-08-17 11:14:12'),
(30011,'Microcar',NULL,NULL,NULL,'2017-08-17 11:14:12');

/*Data for the table `vehicle_models` */

insert  into `vehicle_models`(`id`,`name`,`vehicle_maker_id`,`deleted_at`,`deleted_by`,`created_at`) values 
(4,'124 Spider',140,NULL,NULL,'2017-08-17 11:14:18'),
(5,'500',140,NULL,NULL,'2017-08-17 11:14:18'),
(6,'500C',140,NULL,NULL,'2017-08-17 11:14:18'),
(7,'595',140,NULL,NULL,'2017-08-17 11:14:18'),
(8,'595C',140,NULL,NULL,'2017-08-17 11:14:18'),
(9,'595 Competizione',140,NULL,NULL,'2017-08-17 11:14:18'),
(10,'595 Turismo',140,NULL,NULL,'2017-08-17 11:14:18'),
(11,'695',140,NULL,NULL,'2017-08-17 11:14:18'),
(12,'695C',140,NULL,NULL,'2017-08-17 11:14:18'),
(13,'Grande Punto',140,NULL,NULL,'2017-08-17 11:14:18'),
(14,'Punto Evo',140,NULL,NULL,'2017-08-17 11:14:18'),
(15,'Other',140,NULL,NULL,'2017-08-17 11:14:18'),
(16,'Other',203,NULL,NULL,'2017-08-17 11:14:18'),
(17,'MDX',375,NULL,NULL,'2017-08-17 11:14:18'),
(18,'NSX',375,NULL,NULL,'2017-08-17 11:14:18'),
(19,'RL',375,NULL,NULL,'2017-08-17 11:14:18'),
(20,'RSX',375,NULL,NULL,'2017-08-17 11:14:18'),
(21,'TL',375,NULL,NULL,'2017-08-17 11:14:18'),
(22,'TSX',375,NULL,NULL,'2017-08-17 11:14:18'),
(23,'Other',375,NULL,NULL,'2017-08-17 11:14:18'),
(24,'City',800,NULL,NULL,'2017-08-17 11:14:18'),
(25,'Crossline',800,NULL,NULL,'2017-08-17 11:14:18'),
(26,'Roadline',800,NULL,NULL,'2017-08-17 11:14:18'),
(27,'Scouty R',800,NULL,NULL,'2017-08-17 11:14:18'),
(28,'Other',800,NULL,NULL,'2017-08-17 11:14:18'),
(29,'4C',900,NULL,NULL,'2017-08-17 11:14:18'),
(30,'8C',900,NULL,NULL,'2017-08-17 11:14:18'),
(31,'Alfa 145',900,NULL,NULL,'2017-08-17 11:14:18'),
(32,'Alfa 146',900,NULL,NULL,'2017-08-17 11:14:18'),
(33,'Alfa 147',900,NULL,NULL,'2017-08-17 11:14:18'),
(34,'Alfa 155',900,NULL,NULL,'2017-08-17 11:14:18'),
(35,'Alfa 156',900,NULL,NULL,'2017-08-17 11:14:18'),
(36,'Alfa 159',900,NULL,NULL,'2017-08-17 11:14:18'),
(37,'Alfa 164',900,NULL,NULL,'2017-08-17 11:14:18'),
(38,'Alfa 166',900,NULL,NULL,'2017-08-17 11:14:18'),
(39,'Alfa 33',900,NULL,NULL,'2017-08-17 11:14:18'),
(40,'Alfa 75',900,NULL,NULL,'2017-08-17 11:14:18'),
(41,'Alfa 90',900,NULL,NULL,'2017-08-17 11:14:18'),
(42,'Alfasud',900,NULL,NULL,'2017-08-17 11:14:18'),
(43,'Alfetta',900,NULL,NULL,'2017-08-17 11:14:18'),
(44,'Brera',900,NULL,NULL,'2017-08-17 11:14:18'),
(45,'Crosswagon',900,NULL,NULL,'2017-08-17 11:14:18'),
(46,'Giulia',900,NULL,NULL,'2017-08-17 11:14:18'),
(47,'Giulietta',900,NULL,NULL,'2017-08-17 11:14:18'),
(48,'GT',900,NULL,NULL,'2017-08-17 11:14:18'),
(49,'GTV',900,NULL,NULL,'2017-08-17 11:14:18'),
(50,'Junior',900,NULL,NULL,'2017-08-17 11:14:18'),
(51,'MiTo',900,NULL,NULL,'2017-08-17 11:14:18'),
(52,'Spider',900,NULL,NULL,'2017-08-17 11:14:18'),
(53,'Sprint',900,NULL,NULL,'2017-08-17 11:14:18'),
(54,'Stelvio',900,NULL,NULL,'2017-08-17 11:14:18'),
(55,'Other',900,NULL,NULL,'2017-08-17 11:14:18'),
(56,'B10',1100,NULL,NULL,'2017-08-17 11:14:18'),
(57,'B12',1100,NULL,NULL,'2017-08-17 11:14:18'),
(58,'B3',1100,NULL,NULL,'2017-08-17 11:14:18'),
(59,'B4',1100,NULL,NULL,'2017-08-17 11:14:18'),
(60,'B5',1100,NULL,NULL,'2017-08-17 11:14:18'),
(61,'B6',1100,NULL,NULL,'2017-08-17 11:14:18'),
(62,'B7',1100,NULL,NULL,'2017-08-17 11:14:18'),
(63,'B8',1100,NULL,NULL,'2017-08-17 11:14:18'),
(64,'D10',1100,NULL,NULL,'2017-08-17 11:14:18'),
(65,'D3',1100,NULL,NULL,'2017-08-17 11:14:18'),
(66,'D4',1100,NULL,NULL,'2017-08-17 11:14:18'),
(67,'D5',1100,NULL,NULL,'2017-08-17 11:14:18'),
(68,'Roadster S',1100,NULL,NULL,'2017-08-17 11:14:18'),
(69,'XD3',1100,NULL,NULL,'2017-08-17 11:14:18'),
(70,'Other',1100,NULL,NULL,'2017-08-17 11:14:18'),
(71,'GT',121,NULL,NULL,'2017-08-17 11:14:18'),
(72,'Other',121,NULL,NULL,'2017-08-17 11:14:18'),
(73,'Rocsta',1750,NULL,NULL,'2017-08-17 11:14:18'),
(74,'Other',1750,NULL,NULL,'2017-08-17 11:14:18'),
(75,'AR1',1700,NULL,NULL,'2017-08-17 11:14:18'),
(76,'Cygnet',1700,NULL,NULL,'2017-08-17 11:14:18'),
(77,'DB',1700,NULL,NULL,'2017-08-17 11:14:18'),
(78,'DB11',1700,NULL,NULL,'2017-08-17 11:14:18'),
(79,'DB7',1700,NULL,NULL,'2017-08-17 11:14:18'),
(80,'DB9',1700,NULL,NULL,'2017-08-17 11:14:18'),
(81,'DBS',1700,NULL,NULL,'2017-08-17 11:14:18'),
(82,'Lagonda',1700,NULL,NULL,'2017-08-17 11:14:18'),
(83,'Rapide',1700,NULL,NULL,'2017-08-17 11:14:18'),
(84,'V12 Vantage',1700,NULL,NULL,'2017-08-17 11:14:18'),
(85,'V8 Vantage',1700,NULL,NULL,'2017-08-17 11:14:18'),
(86,'Vanquish',1700,NULL,NULL,'2017-08-17 11:14:18'),
(87,'Virage',1700,NULL,NULL,'2017-08-17 11:14:18'),
(88,'Other',1700,NULL,NULL,'2017-08-17 11:14:18'),
(89,'100',1900,NULL,NULL,'2017-08-17 11:14:18'),
(90,'200',1900,NULL,NULL,'2017-08-17 11:14:18'),
(91,'80',1900,NULL,NULL,'2017-08-17 11:14:18'),
(92,'90',1900,NULL,NULL,'2017-08-17 11:14:18'),
(93,'A1',1900,NULL,NULL,'2017-08-17 11:14:18'),
(94,'A2',1900,NULL,NULL,'2017-08-17 11:14:18'),
(95,'A3',1900,NULL,NULL,'2017-08-17 11:14:18'),
(96,'A4',1900,NULL,NULL,'2017-08-17 11:14:18'),
(97,'A4 Allroad',1900,NULL,NULL,'2017-08-17 11:14:18'),
(98,'A5',1900,NULL,NULL,'2017-08-17 11:14:18'),
(99,'A6',1900,NULL,NULL,'2017-08-17 11:14:18'),
(100,'A6 Allroad',1900,NULL,NULL,'2017-08-17 11:14:18'),
(101,'A7',1900,NULL,NULL,'2017-08-17 11:14:18'),
(102,'A8',1900,NULL,NULL,'2017-08-17 11:14:18'),
(103,'Cabriolet',1900,NULL,NULL,'2017-08-17 11:14:18'),
(104,'Coupé',1900,NULL,NULL,'2017-08-17 11:14:18'),
(105,'Q2',1900,NULL,NULL,'2017-08-17 11:14:18'),
(106,'Q3',1900,NULL,NULL,'2017-08-17 11:14:18'),
(107,'Q5',1900,NULL,NULL,'2017-08-17 11:14:18'),
(108,'Q7',1900,NULL,NULL,'2017-08-17 11:14:18'),
(109,'QUATTRO',1900,NULL,NULL,'2017-08-17 11:14:18'),
(110,'R8',1900,NULL,NULL,'2017-08-17 11:14:18'),
(111,'RS2',1900,NULL,NULL,'2017-08-17 11:14:18'),
(112,'RS3',1900,NULL,NULL,'2017-08-17 11:14:18'),
(113,'RS4',1900,NULL,NULL,'2017-08-17 11:14:18'),
(114,'RS5',1900,NULL,NULL,'2017-08-17 11:14:18'),
(115,'RS6',1900,NULL,NULL,'2017-08-17 11:14:18'),
(116,'RS7',1900,NULL,NULL,'2017-08-17 11:14:18'),
(117,'RSQ3',1900,NULL,NULL,'2017-08-17 11:14:18'),
(118,'S1',1900,NULL,NULL,'2017-08-17 11:14:18'),
(119,'S2',1900,NULL,NULL,'2017-08-17 11:14:18'),
(120,'S3',1900,NULL,NULL,'2017-08-17 11:14:18'),
(121,'S4',1900,NULL,NULL,'2017-08-17 11:14:18'),
(122,'S5',1900,NULL,NULL,'2017-08-17 11:14:18'),
(123,'S6',1900,NULL,NULL,'2017-08-17 11:14:18'),
(124,'S7',1900,NULL,NULL,'2017-08-17 11:14:18'),
(125,'S8',1900,NULL,NULL,'2017-08-17 11:14:18'),
(126,'SQ5',1900,NULL,NULL,'2017-08-17 11:14:18'),
(127,'SQ7',1900,NULL,NULL,'2017-08-17 11:14:18'),
(128,'TT',1900,NULL,NULL,'2017-08-17 11:14:18'),
(129,'TT',1900,NULL,NULL,'2017-08-17 11:14:18'),
(130,'TT RS',1900,NULL,NULL,'2017-08-17 11:14:18'),
(131,'TTS',1900,NULL,NULL,'2017-08-17 11:14:18'),
(132,'V8',1900,NULL,NULL,'2017-08-17 11:14:18'),
(133,'Other',1900,NULL,NULL,'2017-08-17 11:14:18'),
(134,'Other',2000,NULL,NULL,'2017-08-17 11:14:18'),
(135,'Other',1950,NULL,NULL,'2017-08-17 11:14:18'),
(136,'Arnage',3100,NULL,NULL,'2017-08-17 11:14:18'),
(137,'Azure',3100,NULL,NULL,'2017-08-17 11:14:18'),
(138,'Bentayga',3100,NULL,NULL,'2017-08-17 11:14:18'),
(139,'Brooklands',3100,NULL,NULL,'2017-08-17 11:14:18'),
(140,'Continental',3100,NULL,NULL,'2017-08-17 11:14:18'),
(141,'Continental',3100,NULL,NULL,'2017-08-17 11:14:18'),
(142,'Continental Flying Spur',3100,NULL,NULL,'2017-08-17 11:14:18'),
(143,'Continental GT',3100,NULL,NULL,'2017-08-17 11:14:18'),
(144,'Continental GTC',3100,NULL,NULL,'2017-08-17 11:14:18'),
(145,'Continental Supersports',3100,NULL,NULL,'2017-08-17 11:14:18'),
(146,'Eight',3100,NULL,NULL,'2017-08-17 11:14:18'),
(147,'Flying Spur',3100,NULL,NULL,'2017-08-17 11:14:18'),
(148,'Mulsanne',3100,NULL,NULL,'2017-08-17 11:14:18'),
(149,'Turbo R',3100,NULL,NULL,'2017-08-17 11:14:18'),
(150,'Turbo RT',3100,NULL,NULL,'2017-08-17 11:14:18'),
(151,'Turbo S',3100,NULL,NULL,'2017-08-17 11:14:18'),
(152,'Other',3100,NULL,NULL,'2017-08-17 11:14:18'),
(153,'2002',3500,NULL,NULL,'2017-08-17 11:14:18'),
(154,'840',3500,NULL,NULL,'2017-08-17 11:14:18'),
(155,'850',3500,NULL,NULL,'2017-08-17 11:14:18'),
(156,'i3',3500,NULL,NULL,'2017-08-17 11:14:18'),
(157,'i8',3500,NULL,NULL,'2017-08-17 11:14:18'),
(158,'M Models',3500,NULL,NULL,'2017-08-17 11:14:18'),
(159,'M135',3500,NULL,NULL,'2017-08-17 11:14:18'),
(160,'M140i',3500,NULL,NULL,'2017-08-17 11:14:18'),
(161,'M2',3500,NULL,NULL,'2017-08-17 11:14:18'),
(162,'M235',3500,NULL,NULL,'2017-08-17 11:14:18'),
(163,'M240i',3500,NULL,NULL,'2017-08-17 11:14:18'),
(164,'M3',3500,NULL,NULL,'2017-08-17 11:14:18'),
(165,'M4',3500,NULL,NULL,'2017-08-17 11:14:18'),
(166,'M5',3500,NULL,NULL,'2017-08-17 11:14:18'),
(167,'M550',3500,NULL,NULL,'2017-08-17 11:14:18'),
(168,'M6',3500,NULL,NULL,'2017-08-17 11:14:18'),
(169,'Series 1',3500,NULL,NULL,'2017-08-17 11:14:18'),
(170,'114',3500,NULL,NULL,'2017-08-17 11:14:18'),
(171,'116',3500,NULL,NULL,'2017-08-17 11:14:18'),
(172,'118',3500,NULL,NULL,'2017-08-17 11:14:18'),
(173,'120',3500,NULL,NULL,'2017-08-17 11:14:18'),
(174,'123',3500,NULL,NULL,'2017-08-17 11:14:18'),
(175,'125',3500,NULL,NULL,'2017-08-17 11:14:18'),
(176,'130',3500,NULL,NULL,'2017-08-17 11:14:18'),
(177,'135',3500,NULL,NULL,'2017-08-17 11:14:18'),
(178,'1er M Coupé',3500,NULL,NULL,'2017-08-17 11:14:18'),
(179,'Series 2',3500,NULL,NULL,'2017-08-17 11:14:18'),
(180,'214 Active Tourer',3500,NULL,NULL,'2017-08-17 11:14:18'),
(181,'214 Gran Tourer',3500,NULL,NULL,'2017-08-17 11:14:18'),
(182,'216',3500,NULL,NULL,'2017-08-17 11:14:18'),
(183,'216 Active Tourer',3500,NULL,NULL,'2017-08-17 11:14:18'),
(184,'216 Gran Tourer',3500,NULL,NULL,'2017-08-17 11:14:18'),
(185,'218',3500,NULL,NULL,'2017-08-17 11:14:18'),
(186,'218 Active Tourer',3500,NULL,NULL,'2017-08-17 11:14:18'),
(187,'218 Gran Tourer',3500,NULL,NULL,'2017-08-17 11:14:18'),
(188,'220',3500,NULL,NULL,'2017-08-17 11:14:18'),
(189,'220 Active Tourer',3500,NULL,NULL,'2017-08-17 11:14:18'),
(190,'220 Gran Tourer',3500,NULL,NULL,'2017-08-17 11:14:18'),
(191,'225',3500,NULL,NULL,'2017-08-17 11:14:18'),
(192,'225 Active Tourer',3500,NULL,NULL,'2017-08-17 11:14:18'),
(193,'228',3500,NULL,NULL,'2017-08-17 11:14:18'),
(194,'230',3500,NULL,NULL,'2017-08-17 11:14:18'),
(195,'Series 3',3500,NULL,NULL,'2017-08-17 11:14:18'),
(196,'315',3500,NULL,NULL,'2017-08-17 11:14:18'),
(197,'316',3500,NULL,NULL,'2017-08-17 11:14:18'),
(198,'318',3500,NULL,NULL,'2017-08-17 11:14:18'),
(199,'318 Gran Turismo',3500,NULL,NULL,'2017-08-17 11:14:18'),
(200,'320',3500,NULL,NULL,'2017-08-17 11:14:18'),
(201,'320 Gran Turismo',3500,NULL,NULL,'2017-08-17 11:14:18'),
(202,'323',3500,NULL,NULL,'2017-08-17 11:14:18'),
(203,'324',3500,NULL,NULL,'2017-08-17 11:14:18'),
(204,'325',3500,NULL,NULL,'2017-08-17 11:14:18'),
(205,'325 Gran Turismo',3500,NULL,NULL,'2017-08-17 11:14:18'),
(206,'328',3500,NULL,NULL,'2017-08-17 11:14:18'),
(207,'328 Gran Turismo',3500,NULL,NULL,'2017-08-17 11:14:18'),
(208,'330',3500,NULL,NULL,'2017-08-17 11:14:18'),
(209,'330 Gran Turismo',3500,NULL,NULL,'2017-08-17 11:14:18'),
(210,'335',3500,NULL,NULL,'2017-08-17 11:14:18'),
(211,'335 Gran Turismo',3500,NULL,NULL,'2017-08-17 11:14:18'),
(212,'340',3500,NULL,NULL,'2017-08-17 11:14:18'),
(213,'ActiveHybrid 3',3500,NULL,NULL,'2017-08-17 11:14:18'),
(214,'Series 4',3500,NULL,NULL,'2017-08-17 11:14:18'),
(215,'418',3500,NULL,NULL,'2017-08-17 11:14:18'),
(216,'418 Gran Coupé',3500,NULL,NULL,'2017-08-17 11:14:18'),
(217,'420',3500,NULL,NULL,'2017-08-17 11:14:18'),
(218,'420 Gran Coupé',3500,NULL,NULL,'2017-08-17 11:14:18'),
(219,'425',3500,NULL,NULL,'2017-08-17 11:14:18'),
(220,'425 Gran Coupé',3500,NULL,NULL,'2017-08-17 11:14:18'),
(221,'428',3500,NULL,NULL,'2017-08-17 11:14:18'),
(222,'428 Gran Coupé',3500,NULL,NULL,'2017-08-17 11:14:18'),
(223,'430',3500,NULL,NULL,'2017-08-17 11:14:18'),
(224,'430 Gran Coupé',3500,NULL,NULL,'2017-08-17 11:14:18'),
(225,'435',3500,NULL,NULL,'2017-08-17 11:14:18'),
(226,'435 Gran Coupé',3500,NULL,NULL,'2017-08-17 11:14:18'),
(227,'440',3500,NULL,NULL,'2017-08-17 11:14:18'),
(228,'440 Gran Coupé',3500,NULL,NULL,'2017-08-17 11:14:18'),
(229,'Series 5',3500,NULL,NULL,'2017-08-17 11:14:18'),
(230,'518',3500,NULL,NULL,'2017-08-17 11:14:18'),
(231,'520',3500,NULL,NULL,'2017-08-17 11:14:18'),
(232,'520 Gran Turismo',3500,NULL,NULL,'2017-08-17 11:14:18'),
(233,'523',3500,NULL,NULL,'2017-08-17 11:14:18'),
(234,'524',3500,NULL,NULL,'2017-08-17 11:14:18'),
(235,'525',3500,NULL,NULL,'2017-08-17 11:14:18'),
(236,'528',3500,NULL,NULL,'2017-08-17 11:14:18'),
(237,'530',3500,NULL,NULL,'2017-08-17 11:14:18'),
(238,'530 Gran Turismo',3500,NULL,NULL,'2017-08-17 11:14:18'),
(239,'535',3500,NULL,NULL,'2017-08-17 11:14:18'),
(240,'535 Gran Turismo',3500,NULL,NULL,'2017-08-17 11:14:18'),
(241,'540',3500,NULL,NULL,'2017-08-17 11:14:18'),
(242,'545',3500,NULL,NULL,'2017-08-17 11:14:18'),
(243,'550',3500,NULL,NULL,'2017-08-17 11:14:18'),
(244,'550 Gran Turismo',3500,NULL,NULL,'2017-08-17 11:14:18'),
(245,'ActiveHybrid 5',3500,NULL,NULL,'2017-08-17 11:14:18'),
(246,'Series 6',3500,NULL,NULL,'2017-08-17 11:14:18'),
(247,'628',3500,NULL,NULL,'2017-08-17 11:14:18'),
(248,'630',3500,NULL,NULL,'2017-08-17 11:14:18'),
(249,'633',3500,NULL,NULL,'2017-08-17 11:14:18'),
(250,'635',3500,NULL,NULL,'2017-08-17 11:14:18'),
(251,'640',3500,NULL,NULL,'2017-08-17 11:14:18'),
(252,'640 Gran Coupé',3500,NULL,NULL,'2017-08-17 11:14:18'),
(253,'645',3500,NULL,NULL,'2017-08-17 11:14:18'),
(254,'650',3500,NULL,NULL,'2017-08-17 11:14:18'),
(255,'650 Gran Coupé',3500,NULL,NULL,'2017-08-17 11:14:18'),
(256,'Series 7',3500,NULL,NULL,'2017-08-17 11:14:18'),
(257,'725',3500,NULL,NULL,'2017-08-17 11:14:18'),
(258,'728',3500,NULL,NULL,'2017-08-17 11:14:18'),
(259,'730',3500,NULL,NULL,'2017-08-17 11:14:18'),
(260,'732',3500,NULL,NULL,'2017-08-17 11:14:18'),
(261,'735',3500,NULL,NULL,'2017-08-17 11:14:18'),
(262,'740',3500,NULL,NULL,'2017-08-17 11:14:18'),
(263,'745',3500,NULL,NULL,'2017-08-17 11:14:18'),
(264,'750',3500,NULL,NULL,'2017-08-17 11:14:18'),
(265,'760',3500,NULL,NULL,'2017-08-17 11:14:18'),
(266,'ActiveHybrid 7',3500,NULL,NULL,'2017-08-17 11:14:18'),
(267,'Series X',3500,NULL,NULL,'2017-08-17 11:14:18'),
(268,'ActiveHybrid X6',3500,NULL,NULL,'2017-08-17 11:14:18'),
(269,'X1',3500,NULL,NULL,'2017-08-17 11:14:18'),
(270,'X3',3500,NULL,NULL,'2017-08-17 11:14:18'),
(271,'X4',3500,NULL,NULL,'2017-08-17 11:14:18'),
(272,'X4 M40',3500,NULL,NULL,'2017-08-17 11:14:18'),
(273,'X5',3500,NULL,NULL,'2017-08-17 11:14:18'),
(274,'X5 M',3500,NULL,NULL,'2017-08-17 11:14:18'),
(275,'X5 M50',3500,NULL,NULL,'2017-08-17 11:14:18'),
(276,'X6',3500,NULL,NULL,'2017-08-17 11:14:18'),
(277,'X6 M',3500,NULL,NULL,'2017-08-17 11:14:18'),
(278,'X6 M50',3500,NULL,NULL,'2017-08-17 11:14:18'),
(279,'Series Z',3500,NULL,NULL,'2017-08-17 11:14:18'),
(280,'Z1',3500,NULL,NULL,'2017-08-17 11:14:18'),
(281,'Z3',3500,NULL,NULL,'2017-08-17 11:14:18'),
(282,'Z3 M',3500,NULL,NULL,'2017-08-17 11:14:18'),
(283,'Z4',3500,NULL,NULL,'2017-08-17 11:14:18'),
(284,'Z4 M',3500,NULL,NULL,'2017-08-17 11:14:18'),
(285,'Z8',3500,NULL,NULL,'2017-08-17 11:14:18'),
(286,'Other',3500,NULL,NULL,'2017-08-17 11:14:18'),
(287,'Other',3850,NULL,NULL,'2017-08-17 11:14:18'),
(288,'BC3',4025,NULL,NULL,'2017-08-17 11:14:18'),
(289,'BS2',4025,NULL,NULL,'2017-08-17 11:14:18'),
(290,'BS4',4025,NULL,NULL,'2017-08-17 11:14:18'),
(291,'BS6',4025,NULL,NULL,'2017-08-17 11:14:18'),
(292,'Other',4025,NULL,NULL,'2017-08-17 11:14:18'),
(293,'Chiron',4350,NULL,NULL,'2017-08-17 11:14:18'),
(294,'EB 110',4350,NULL,NULL,'2017-08-17 11:14:18'),
(295,'Veyron',4350,NULL,NULL,'2017-08-17 11:14:18'),
(296,'Other',4350,NULL,NULL,'2017-08-17 11:14:18'),
(297,'Century',4400,NULL,NULL,'2017-08-17 11:14:18'),
(298,'Electra',4400,NULL,NULL,'2017-08-17 11:14:18'),
(299,'Enclave',4400,NULL,NULL,'2017-08-17 11:14:18'),
(300,'La Crosse',4400,NULL,NULL,'2017-08-17 11:14:18'),
(301,'Le Sabre',4400,NULL,NULL,'2017-08-17 11:14:18'),
(302,'Park Avenue',4400,NULL,NULL,'2017-08-17 11:14:18'),
(303,'Regal',4400,NULL,NULL,'2017-08-17 11:14:18'),
(304,'Riviera',4400,NULL,NULL,'2017-08-17 11:14:18'),
(305,'Roadmaster',4400,NULL,NULL,'2017-08-17 11:14:18'),
(306,'Skylark',4400,NULL,NULL,'2017-08-17 11:14:18'),
(307,'Other',4400,NULL,NULL,'2017-08-17 11:14:18'),
(308,'Allante',4700,NULL,NULL,'2017-08-17 11:14:18'),
(309,'ATS',4700,NULL,NULL,'2017-08-17 11:14:18'),
(310,'BLS',4700,NULL,NULL,'2017-08-17 11:14:18'),
(311,'CT6',4700,NULL,NULL,'2017-08-17 11:14:18'),
(312,'CTS',4700,NULL,NULL,'2017-08-17 11:14:18'),
(313,'Deville',4700,NULL,NULL,'2017-08-17 11:14:18'),
(314,'Eldorado',4700,NULL,NULL,'2017-08-17 11:14:18'),
(315,'Escalade',4700,NULL,NULL,'2017-08-17 11:14:18'),
(316,'Fleetwood',4700,NULL,NULL,'2017-08-17 11:14:18'),
(317,'Seville',4700,NULL,NULL,'2017-08-17 11:14:18'),
(318,'SRX',4700,NULL,NULL,'2017-08-17 11:14:18'),
(319,'STS',4700,NULL,NULL,'2017-08-17 11:14:18'),
(320,'XLR',4700,NULL,NULL,'2017-08-17 11:14:18'),
(321,'XT5',4700,NULL,NULL,'2017-08-17 11:14:18'),
(322,'Other',4700,NULL,NULL,'2017-08-17 11:14:18'),
(323,'Other',112,NULL,NULL,'2017-08-17 11:14:18'),
(324,'Other',5300,NULL,NULL,'2017-08-17 11:14:18'),
(325,'Other',83,NULL,NULL,'2017-08-17 11:14:18'),
(326,'2500',5600,NULL,NULL,'2017-08-17 11:14:18'),
(327,'Alero',5600,NULL,NULL,'2017-08-17 11:14:18'),
(328,'Astro',5600,NULL,NULL,'2017-08-17 11:14:18'),
(329,'Avalanche',5600,NULL,NULL,'2017-08-17 11:14:18'),
(330,'Aveo',5600,NULL,NULL,'2017-08-17 11:14:18'),
(331,'Beretta',5600,NULL,NULL,'2017-08-17 11:14:18'),
(332,'Blazer',5600,NULL,NULL,'2017-08-17 11:14:18'),
(333,'C1500',5600,NULL,NULL,'2017-08-17 11:14:18'),
(334,'Camaro',5600,NULL,NULL,'2017-08-17 11:14:18'),
(335,'Caprice',5600,NULL,NULL,'2017-08-17 11:14:18'),
(336,'Captiva',5600,NULL,NULL,'2017-08-17 11:14:18'),
(337,'Cavalier',5600,NULL,NULL,'2017-08-17 11:14:18'),
(338,'Chevelle',5600,NULL,NULL,'2017-08-17 11:14:18'),
(339,'Chevy Van',5600,NULL,NULL,'2017-08-17 11:14:18'),
(340,'Citation',5600,NULL,NULL,'2017-08-17 11:14:18'),
(341,'Colorado',5600,NULL,NULL,'2017-08-17 11:14:18'),
(342,'Corsica',5600,NULL,NULL,'2017-08-17 11:14:18'),
(343,'Cruze',5600,NULL,NULL,'2017-08-17 11:14:18'),
(344,'El Camino',5600,NULL,NULL,'2017-08-17 11:14:18'),
(345,'Epica',5600,NULL,NULL,'2017-08-17 11:14:18'),
(346,'Evanda',5600,NULL,NULL,'2017-08-17 11:14:18'),
(347,'Express',5600,NULL,NULL,'2017-08-17 11:14:18'),
(348,'G',5600,NULL,NULL,'2017-08-17 11:14:18'),
(349,'HHR',5600,NULL,NULL,'2017-08-17 11:14:18'),
(350,'Impala',5600,NULL,NULL,'2017-08-17 11:14:18'),
(351,'K1500',5600,NULL,NULL,'2017-08-17 11:14:18'),
(352,'K30',5600,NULL,NULL,'2017-08-17 11:14:18'),
(353,'Kalos',5600,NULL,NULL,'2017-08-17 11:14:18'),
(354,'Lacetti',5600,NULL,NULL,'2017-08-17 11:14:18'),
(355,'Lumina',5600,NULL,NULL,'2017-08-17 11:14:18'),
(356,'Malibu',5600,NULL,NULL,'2017-08-17 11:14:18'),
(357,'Matiz',5600,NULL,NULL,'2017-08-17 11:14:18'),
(358,'Nubira',5600,NULL,NULL,'2017-08-17 11:14:18'),
(359,'Orlando',5600,NULL,NULL,'2017-08-17 11:14:18'),
(360,'Rezzo',5600,NULL,NULL,'2017-08-17 11:14:18'),
(361,'S-10',5600,NULL,NULL,'2017-08-17 11:14:18'),
(362,'Silverado',5600,NULL,NULL,'2017-08-17 11:14:18'),
(363,'Spark',5600,NULL,NULL,'2017-08-17 11:14:18'),
(364,'SSR',5600,NULL,NULL,'2017-08-17 11:14:18'),
(365,'Suburban',5600,NULL,NULL,'2017-08-17 11:14:18'),
(366,'Tahoe',5600,NULL,NULL,'2017-08-17 11:14:18'),
(367,'Trailblazer',5600,NULL,NULL,'2017-08-17 11:14:18'),
(368,'Trans Sport',5600,NULL,NULL,'2017-08-17 11:14:18'),
(369,'Trax',5600,NULL,NULL,'2017-08-17 11:14:18'),
(370,'Venture',5600,NULL,NULL,'2017-08-17 11:14:18'),
(371,'Volt',5600,NULL,NULL,'2017-08-17 11:14:18'),
(372,'Other',5600,NULL,NULL,'2017-08-17 11:14:18'),
(373,'300C',5700,NULL,NULL,'2017-08-17 11:14:18'),
(374,'300 M',5700,NULL,NULL,'2017-08-17 11:14:18'),
(375,'Aspen',5700,NULL,NULL,'2017-08-17 11:14:18'),
(376,'Crossfire',5700,NULL,NULL,'2017-08-17 11:14:18'),
(377,'Daytona',5700,NULL,NULL,'2017-08-17 11:14:18'),
(378,'ES',5700,NULL,NULL,'2017-08-17 11:14:18'),
(379,'Grand Voyager',5700,NULL,NULL,'2017-08-17 11:14:18'),
(380,'GS',5700,NULL,NULL,'2017-08-17 11:14:18'),
(381,'GTS',5700,NULL,NULL,'2017-08-17 11:14:18'),
(382,'Imperial',5700,NULL,NULL,'2017-08-17 11:14:18'),
(383,'Le Baron',5700,NULL,NULL,'2017-08-17 11:14:18'),
(384,'Neon',5700,NULL,NULL,'2017-08-17 11:14:18'),
(385,'New Yorker',5700,NULL,NULL,'2017-08-17 11:14:18'),
(386,'Pacifica',5700,NULL,NULL,'2017-08-17 11:14:18'),
(387,'PT Cruiser',5700,NULL,NULL,'2017-08-17 11:14:18'),
(388,'Saratoga',5700,NULL,NULL,'2017-08-17 11:14:18'),
(389,'Sebring',5700,NULL,NULL,'2017-08-17 11:14:18'),
(390,'Stratus',5700,NULL,NULL,'2017-08-17 11:14:18'),
(391,'Valiant',5700,NULL,NULL,'2017-08-17 11:14:18'),
(392,'Viper',5700,NULL,NULL,'2017-08-17 11:14:18'),
(393,'Vision',5700,NULL,NULL,'2017-08-17 11:14:18'),
(394,'Voyager',5700,NULL,NULL,'2017-08-17 11:14:18'),
(395,'Other',5700,NULL,NULL,'2017-08-17 11:14:18'),
(396,'2 CV',5900,NULL,NULL,'2017-08-17 11:14:18'),
(397,'AX',5900,NULL,NULL,'2017-08-17 11:14:18'),
(398,'Berlingo',5900,NULL,NULL,'2017-08-17 11:14:18'),
(399,'BX',5900,NULL,NULL,'2017-08-17 11:14:18'),
(400,'C1',5900,NULL,NULL,'2017-08-17 11:14:18'),
(401,'C2',5900,NULL,NULL,'2017-08-17 11:14:18'),
(402,'C3',5900,NULL,NULL,'2017-08-17 11:14:18'),
(403,'C3 Picasso',5900,NULL,NULL,'2017-08-17 11:14:18'),
(404,'C4',5900,NULL,NULL,'2017-08-17 11:14:18'),
(405,'C4 Aircross',5900,NULL,NULL,'2017-08-17 11:14:18'),
(406,'C4 Cactus',5900,NULL,NULL,'2017-08-17 11:14:18'),
(407,'C4 Picasso',5900,NULL,NULL,'2017-08-17 11:14:18'),
(408,'C5',5900,NULL,NULL,'2017-08-17 11:14:18'),
(409,'C6',5900,NULL,NULL,'2017-08-17 11:14:18'),
(410,'C8',5900,NULL,NULL,'2017-08-17 11:14:18'),
(411,'C-Crosser',5900,NULL,NULL,'2017-08-17 11:14:18'),
(412,'C-Elysée',5900,NULL,NULL,'2017-08-17 11:14:18'),
(413,'CX',5900,NULL,NULL,'2017-08-17 11:14:18'),
(414,'C-Zero',5900,NULL,NULL,'2017-08-17 11:14:18'),
(415,'DS',5900,NULL,NULL,'2017-08-17 11:14:18'),
(416,'DS3',5900,NULL,NULL,'2017-08-17 11:14:18'),
(417,'DS4',5900,NULL,NULL,'2017-08-17 11:14:18'),
(418,'DS4 Crossback',5900,NULL,NULL,'2017-08-17 11:14:18'),
(419,'DS5',5900,NULL,NULL,'2017-08-17 11:14:18'),
(420,'Evasion',5900,NULL,NULL,'2017-08-17 11:14:18'),
(421,'Grand C4 Picasso',5900,NULL,NULL,'2017-08-17 11:14:18'),
(422,'GSA',5900,NULL,NULL,'2017-08-17 11:14:18'),
(423,'Jumper',5900,NULL,NULL,'2017-08-17 11:14:18'),
(424,'Jumpy',5900,NULL,NULL,'2017-08-17 11:14:18'),
(425,'Nemo',5900,NULL,NULL,'2017-08-17 11:14:18'),
(426,'SAXO',5900,NULL,NULL,'2017-08-17 11:14:18'),
(427,'SM',5900,NULL,NULL,'2017-08-17 11:14:18'),
(428,'SpaceTourer',5900,NULL,NULL,'2017-08-17 11:14:18'),
(429,'Visa',5900,NULL,NULL,'2017-08-17 11:14:18'),
(430,'Xantia',5900,NULL,NULL,'2017-08-17 11:14:18'),
(431,'XM',5900,NULL,NULL,'2017-08-17 11:14:18'),
(432,'Xsara',5900,NULL,NULL,'2017-08-17 11:14:18'),
(433,'Xsara Picasso',5900,NULL,NULL,'2017-08-17 11:14:18'),
(434,'ZX',5900,NULL,NULL,'2017-08-17 11:14:18'),
(435,'Other',5900,NULL,NULL,'2017-08-17 11:14:18'),
(436,'Other',6200,NULL,NULL,'2017-08-17 11:14:18'),
(437,'C1',6325,NULL,NULL,'2017-08-17 11:14:18'),
(438,'C2',6325,NULL,NULL,'2017-08-17 11:14:18'),
(439,'C3',6325,NULL,NULL,'2017-08-17 11:14:18'),
(440,'C4',6325,NULL,NULL,'2017-08-17 11:14:18'),
(441,'C5',6325,NULL,NULL,'2017-08-17 11:14:18'),
(442,'C6',6325,NULL,NULL,'2017-08-17 11:14:18'),
(443,'C7',6325,NULL,NULL,'2017-08-17 11:14:18'),
(444,'Z06',6325,NULL,NULL,'2017-08-17 11:14:18'),
(445,'ZR 1',6325,NULL,NULL,'2017-08-17 11:14:18'),
(446,'Other',6325,NULL,NULL,'2017-08-17 11:14:18'),
(447,'Dokker',6600,NULL,NULL,'2017-08-17 11:14:18'),
(448,'Duster',6600,NULL,NULL,'2017-08-17 11:14:18'),
(449,'Lodgy',6600,NULL,NULL,'2017-08-17 11:14:18'),
(450,'Logan',6600,NULL,NULL,'2017-08-17 11:14:18'),
(451,'Logan Pick-Up',6600,NULL,NULL,'2017-08-17 11:14:18'),
(452,'Pick Up',6600,NULL,NULL,'2017-08-17 11:14:18'),
(453,'Sandero',6600,NULL,NULL,'2017-08-17 11:14:18'),
(454,'Other',6600,NULL,NULL,'2017-08-17 11:14:18'),
(455,'Espero',6800,NULL,NULL,'2017-08-17 11:14:18'),
(456,'Evanda',6800,NULL,NULL,'2017-08-17 11:14:18'),
(457,'Kalos',6800,NULL,NULL,'2017-08-17 11:14:18'),
(458,'Korando',6800,NULL,NULL,'2017-08-17 11:14:18'),
(459,'Lacetti',6800,NULL,NULL,'2017-08-17 11:14:18'),
(460,'Lanos',6800,NULL,NULL,'2017-08-17 11:14:18'),
(461,'Leganza',6800,NULL,NULL,'2017-08-17 11:14:18'),
(462,'Matiz',6800,NULL,NULL,'2017-08-17 11:14:18'),
(463,'Musso',6800,NULL,NULL,'2017-08-17 11:14:18'),
(464,'Nexia',6800,NULL,NULL,'2017-08-17 11:14:18'),
(465,'Nubira',6800,NULL,NULL,'2017-08-17 11:14:18'),
(466,'Rezzo',6800,NULL,NULL,'2017-08-17 11:14:18'),
(467,'Tacuma',6800,NULL,NULL,'2017-08-17 11:14:18'),
(468,'Other',6800,NULL,NULL,'2017-08-17 11:14:18'),
(469,'Applause',7000,NULL,NULL,'2017-08-17 11:14:18'),
(470,'Charade',7000,NULL,NULL,'2017-08-17 11:14:18'),
(471,'Charmant',7000,NULL,NULL,'2017-08-17 11:14:18'),
(472,'Copen',7000,NULL,NULL,'2017-08-17 11:14:18'),
(473,'Cuore',7000,NULL,NULL,'2017-08-17 11:14:18'),
(474,'Feroza/Sportrak',7000,NULL,NULL,'2017-08-17 11:14:18'),
(475,'Freeclimber',7000,NULL,NULL,'2017-08-17 11:14:18'),
(476,'Gran Move',7000,NULL,NULL,'2017-08-17 11:14:18'),
(477,'Hijet',7000,NULL,NULL,'2017-08-17 11:14:18'),
(478,'MATERIA',7000,NULL,NULL,'2017-08-17 11:14:18'),
(479,'Move',7000,NULL,NULL,'2017-08-17 11:14:18'),
(480,'Rocky/Fourtrak',7000,NULL,NULL,'2017-08-17 11:14:18'),
(481,'Sirion',7000,NULL,NULL,'2017-08-17 11:14:18'),
(482,'Terios',7000,NULL,NULL,'2017-08-17 11:14:18'),
(483,'TREVIS',7000,NULL,NULL,'2017-08-17 11:14:18'),
(484,'YRV',7000,NULL,NULL,'2017-08-17 11:14:18'),
(485,'Other',7000,NULL,NULL,'2017-08-17 11:14:18'),
(486,'Guarà',7400,NULL,NULL,'2017-08-17 11:14:18'),
(487,'Pantera',7400,NULL,NULL,'2017-08-17 11:14:18'),
(488,'Other',7400,NULL,NULL,'2017-08-17 11:14:18'),
(489,'Avenger',7700,NULL,NULL,'2017-08-17 11:14:18'),
(490,'Caliber',7700,NULL,NULL,'2017-08-17 11:14:18'),
(491,'Challenger',7700,NULL,NULL,'2017-08-17 11:14:18'),
(492,'Charger',7700,NULL,NULL,'2017-08-17 11:14:18'),
(493,'Dakota',7700,NULL,NULL,'2017-08-17 11:14:18'),
(494,'Dart',7700,NULL,NULL,'2017-08-17 11:14:18'),
(495,'Demon',7700,NULL,NULL,'2017-08-17 11:14:18'),
(496,'Durango',7700,NULL,NULL,'2017-08-17 11:14:18'),
(497,'Grand Caravan',7700,NULL,NULL,'2017-08-17 11:14:18'),
(498,'Hornet',7700,NULL,NULL,'2017-08-17 11:14:18'),
(499,'Journey',7700,NULL,NULL,'2017-08-17 11:14:18'),
(500,'Magnum',7700,NULL,NULL,'2017-08-17 11:14:18'),
(501,'Neon',7700,NULL,NULL,'2017-08-17 11:14:18'),
(502,'Nitro',7700,NULL,NULL,'2017-08-17 11:14:18'),
(503,'RAM',7700,NULL,NULL,'2017-08-17 11:14:18'),
(504,'Stealth',7700,NULL,NULL,'2017-08-17 11:14:18'),
(505,'Viper',7700,NULL,NULL,'2017-08-17 11:14:18'),
(506,'Other',7700,NULL,NULL,'2017-08-17 11:14:18'),
(507,'D8',255,NULL,NULL,'2017-08-17 11:14:18'),
(508,'S7',255,NULL,NULL,'2017-08-17 11:14:18'),
(509,'S8',255,NULL,NULL,'2017-08-17 11:14:18'),
(510,'Other',255,NULL,NULL,'2017-08-17 11:14:18'),
(511,'DS3',235,NULL,NULL,'2017-08-17 11:14:18'),
(512,'DS4',235,NULL,NULL,'2017-08-17 11:14:18'),
(513,'DS4 Crossback',235,NULL,NULL,'2017-08-17 11:14:18'),
(514,'DS5',235,NULL,NULL,'2017-08-17 11:14:18'),
(515,'Other',235,NULL,NULL,'2017-08-17 11:14:18'),
(516,'208',8600,NULL,NULL,'2017-08-17 11:14:18'),
(517,'246',8600,NULL,NULL,'2017-08-17 11:14:18'),
(518,'250',8600,NULL,NULL,'2017-08-17 11:14:18'),
(519,'275',8600,NULL,NULL,'2017-08-17 11:14:18'),
(520,'288',8600,NULL,NULL,'2017-08-17 11:14:18'),
(521,'308',8600,NULL,NULL,'2017-08-17 11:14:18'),
(522,'328',8600,NULL,NULL,'2017-08-17 11:14:18'),
(523,'330',8600,NULL,NULL,'2017-08-17 11:14:18'),
(524,'348',8600,NULL,NULL,'2017-08-17 11:14:18'),
(525,'360',8600,NULL,NULL,'2017-08-17 11:14:18'),
(526,'365',8600,NULL,NULL,'2017-08-17 11:14:18'),
(527,'400',8600,NULL,NULL,'2017-08-17 11:14:18'),
(528,'412',8600,NULL,NULL,'2017-08-17 11:14:18'),
(529,'456',8600,NULL,NULL,'2017-08-17 11:14:18'),
(530,'458',8600,NULL,NULL,'2017-08-17 11:14:18'),
(531,'488 GTB',8600,NULL,NULL,'2017-08-17 11:14:18'),
(532,'488 Spider',8600,NULL,NULL,'2017-08-17 11:14:18'),
(533,'512',8600,NULL,NULL,'2017-08-17 11:14:18'),
(534,'550',8600,NULL,NULL,'2017-08-17 11:14:18'),
(535,'575',8600,NULL,NULL,'2017-08-17 11:14:18'),
(536,'599 GTB',8600,NULL,NULL,'2017-08-17 11:14:18'),
(537,'599 GTO',8600,NULL,NULL,'2017-08-17 11:14:18'),
(538,'599 SA Aperta',8600,NULL,NULL,'2017-08-17 11:14:18'),
(539,'612',8600,NULL,NULL,'2017-08-17 11:14:18'),
(540,'750',8600,NULL,NULL,'2017-08-17 11:14:18'),
(541,'California',8600,NULL,NULL,'2017-08-17 11:14:18'),
(542,'Daytona',8600,NULL,NULL,'2017-08-17 11:14:18'),
(543,'Dino GT4',8600,NULL,NULL,'2017-08-17 11:14:18'),
(544,'Enzo Ferrari',8600,NULL,NULL,'2017-08-17 11:14:18'),
(545,'F12',8600,NULL,NULL,'2017-08-17 11:14:18'),
(546,'F355',8600,NULL,NULL,'2017-08-17 11:14:18'),
(547,'F40',8600,NULL,NULL,'2017-08-17 11:14:18'),
(548,'F430',8600,NULL,NULL,'2017-08-17 11:14:18'),
(549,'F50',8600,NULL,NULL,'2017-08-17 11:14:18'),
(550,'FF',8600,NULL,NULL,'2017-08-17 11:14:18'),
(551,'LaFerrari',8600,NULL,NULL,'2017-08-17 11:14:18'),
(552,'Mondial',8600,NULL,NULL,'2017-08-17 11:14:18'),
(553,'Superamerica',8600,NULL,NULL,'2017-08-17 11:14:18'),
(554,'Testarossa',8600,NULL,NULL,'2017-08-17 11:14:18'),
(555,'Other',8600,NULL,NULL,'2017-08-17 11:14:18'),
(556,'124',8800,NULL,NULL,'2017-08-17 11:14:18'),
(557,'124 Spider',8800,NULL,NULL,'2017-08-17 11:14:18'),
(558,'126',8800,NULL,NULL,'2017-08-17 11:14:18'),
(559,'127',8800,NULL,NULL,'2017-08-17 11:14:18'),
(560,'130',8800,NULL,NULL,'2017-08-17 11:14:18'),
(561,'131',8800,NULL,NULL,'2017-08-17 11:14:18'),
(562,'500',8800,NULL,NULL,'2017-08-17 11:14:18'),
(563,'500C',8800,NULL,NULL,'2017-08-17 11:14:18'),
(564,'500L',8800,NULL,NULL,'2017-08-17 11:14:18'),
(565,'500L Living',8800,NULL,NULL,'2017-08-17 11:14:18'),
(566,'500L Trekking',8800,NULL,NULL,'2017-08-17 11:14:18'),
(567,'500S',8800,NULL,NULL,'2017-08-17 11:14:18'),
(568,'500X',8800,NULL,NULL,'2017-08-17 11:14:18'),
(569,'Albea',8800,NULL,NULL,'2017-08-17 11:14:18'),
(570,'Barchetta',8800,NULL,NULL,'2017-08-17 11:14:18'),
(571,'Brava',8800,NULL,NULL,'2017-08-17 11:14:18'),
(572,'Bravo',8800,NULL,NULL,'2017-08-17 11:14:18'),
(573,'Cinquecento',8800,NULL,NULL,'2017-08-17 11:14:18'),
(574,'Coupe',8800,NULL,NULL,'2017-08-17 11:14:18'),
(575,'Croma',8800,NULL,NULL,'2017-08-17 11:14:18'),
(576,'Dino',8800,NULL,NULL,'2017-08-17 11:14:18'),
(577,'Doblo',8800,NULL,NULL,'2017-08-17 11:14:18'),
(578,'Ducato',8800,NULL,NULL,'2017-08-17 11:14:18'),
(579,'Fiorino',8800,NULL,NULL,'2017-08-17 11:14:18'),
(580,'Freemont',8800,NULL,NULL,'2017-08-17 11:14:18'),
(581,'Fullback',8800,NULL,NULL,'2017-08-17 11:14:18'),
(582,'Grande Punto',8800,NULL,NULL,'2017-08-17 11:14:18'),
(583,'Idea',8800,NULL,NULL,'2017-08-17 11:14:18'),
(584,'Linea',8800,NULL,NULL,'2017-08-17 11:14:18'),
(585,'Marea',8800,NULL,NULL,'2017-08-17 11:14:18'),
(586,'Marengo',8800,NULL,NULL,'2017-08-17 11:14:18'),
(587,'Multipla',8800,NULL,NULL,'2017-08-17 11:14:18'),
(588,'New Panda',8800,NULL,NULL,'2017-08-17 11:14:18'),
(589,'Palio',8800,NULL,NULL,'2017-08-17 11:14:18'),
(590,'Panda',8800,NULL,NULL,'2017-08-17 11:14:18'),
(591,'Punto',8800,NULL,NULL,'2017-08-17 11:14:18'),
(592,'Punto Evo',8800,NULL,NULL,'2017-08-17 11:14:18'),
(593,'Qubo',8800,NULL,NULL,'2017-08-17 11:14:18'),
(594,'Regata',8800,NULL,NULL,'2017-08-17 11:14:18'),
(595,'Ritmo',8800,NULL,NULL,'2017-08-17 11:14:18'),
(596,'Scudo',8800,NULL,NULL,'2017-08-17 11:14:18'),
(597,'Sedici',8800,NULL,NULL,'2017-08-17 11:14:18'),
(598,'Seicento',8800,NULL,NULL,'2017-08-17 11:14:18'),
(599,'Siena',8800,NULL,NULL,'2017-08-17 11:14:18'),
(600,'Spider Europa',8800,NULL,NULL,'2017-08-17 11:14:18'),
(601,'Stilo',8800,NULL,NULL,'2017-08-17 11:14:18'),
(602,'Strada',8800,NULL,NULL,'2017-08-17 11:14:18'),
(603,'Talento',8800,NULL,NULL,'2017-08-17 11:14:18'),
(604,'Tempra',8800,NULL,NULL,'2017-08-17 11:14:18'),
(605,'Tipo',8800,NULL,NULL,'2017-08-17 11:14:18'),
(606,'Ulysse',8800,NULL,NULL,'2017-08-17 11:14:18'),
(607,'Uno',8800,NULL,NULL,'2017-08-17 11:14:18'),
(608,'X 1/9',8800,NULL,NULL,'2017-08-17 11:14:18'),
(609,'Other',8800,NULL,NULL,'2017-08-17 11:14:18'),
(610,'Karma',172,NULL,NULL,'2017-08-17 11:14:18'),
(611,'Other',172,NULL,NULL,'2017-08-17 11:14:18'),
(612,'Aerostar',9000,NULL,NULL,'2017-08-17 11:14:18'),
(613,'B-Max',9000,NULL,NULL,'2017-08-17 11:14:18'),
(614,'Bronco',9000,NULL,NULL,'2017-08-17 11:14:18'),
(615,'Capri',9000,NULL,NULL,'2017-08-17 11:14:18'),
(616,'C-Max',9000,NULL,NULL,'2017-08-17 11:14:18'),
(617,'Cougar',9000,NULL,NULL,'2017-08-17 11:14:18'),
(618,'Courier',9000,NULL,NULL,'2017-08-17 11:14:18'),
(619,'Crown',9000,NULL,NULL,'2017-08-17 11:14:18'),
(620,'Econoline',9000,NULL,NULL,'2017-08-17 11:14:18'),
(621,'Econovan',9000,NULL,NULL,'2017-08-17 11:14:18'),
(622,'EcoSport',9000,NULL,NULL,'2017-08-17 11:14:18'),
(623,'Edge',9000,NULL,NULL,'2017-08-17 11:14:18'),
(624,'Escape',9000,NULL,NULL,'2017-08-17 11:14:18'),
(625,'Escort',9000,NULL,NULL,'2017-08-17 11:14:18'),
(626,'Excursion',9000,NULL,NULL,'2017-08-17 11:14:18'),
(627,'Expedition',9000,NULL,NULL,'2017-08-17 11:14:18'),
(628,'Explorer',9000,NULL,NULL,'2017-08-17 11:14:18'),
(629,'Express',9000,NULL,NULL,'2017-08-17 11:14:18'),
(630,'F 150',9000,NULL,NULL,'2017-08-17 11:14:18'),
(631,'F 250',9000,NULL,NULL,'2017-08-17 11:14:18'),
(632,'F 350',9000,NULL,NULL,'2017-08-17 11:14:18'),
(633,'Fairlane',9000,NULL,NULL,'2017-08-17 11:14:18'),
(634,'Falcon',9000,NULL,NULL,'2017-08-17 11:14:18'),
(635,'Fiesta',9000,NULL,NULL,'2017-08-17 11:14:18'),
(636,'Flex',9000,NULL,NULL,'2017-08-17 11:14:18'),
(637,'Focus',9000,NULL,NULL,'2017-08-17 11:14:18'),
(638,'Fusion',9000,NULL,NULL,'2017-08-17 11:14:18'),
(639,'Galaxy',9000,NULL,NULL,'2017-08-17 11:14:18'),
(640,'Granada',9000,NULL,NULL,'2017-08-17 11:14:18'),
(641,'Grand C-Max',9000,NULL,NULL,'2017-08-17 11:14:18'),
(642,'Grand Tourneo',9000,NULL,NULL,'2017-08-17 11:14:18'),
(643,'GT',9000,NULL,NULL,'2017-08-17 11:14:18'),
(644,'Ka/Ka+',9000,NULL,NULL,'2017-08-17 11:14:18'),
(645,'Kuga',9000,NULL,NULL,'2017-08-17 11:14:18'),
(646,'Maverick',9000,NULL,NULL,'2017-08-17 11:14:18'),
(647,'Mercury',9000,NULL,NULL,'2017-08-17 11:14:18'),
(648,'Mondeo',9000,NULL,NULL,'2017-08-17 11:14:18'),
(649,'Mustang',9000,NULL,NULL,'2017-08-17 11:14:18'),
(650,'Orion',9000,NULL,NULL,'2017-08-17 11:14:18'),
(651,'Probe',9000,NULL,NULL,'2017-08-17 11:14:18'),
(652,'Puma',9000,NULL,NULL,'2017-08-17 11:14:18'),
(653,'Ranger',9000,NULL,NULL,'2017-08-17 11:14:18'),
(654,'Raptor',9000,NULL,NULL,'2017-08-17 11:14:18'),
(655,'Scorpio',9000,NULL,NULL,'2017-08-17 11:14:18'),
(656,'Sierra',9000,NULL,NULL,'2017-08-17 11:14:18'),
(657,'S-Max',9000,NULL,NULL,'2017-08-17 11:14:18'),
(658,'Sportka',9000,NULL,NULL,'2017-08-17 11:14:18'),
(659,'Streetka',9000,NULL,NULL,'2017-08-17 11:14:18'),
(660,'Taunus',9000,NULL,NULL,'2017-08-17 11:14:18'),
(661,'Taurus',9000,NULL,NULL,'2017-08-17 11:14:18'),
(662,'Thunderbird',9000,NULL,NULL,'2017-08-17 11:14:18'),
(663,'Tourneo',9000,NULL,NULL,'2017-08-17 11:14:18'),
(664,'Tourneo',9000,NULL,NULL,'2017-08-17 11:14:18'),
(665,'Tourneo Connect',9000,NULL,NULL,'2017-08-17 11:14:18'),
(666,'Tourneo Courier',9000,NULL,NULL,'2017-08-17 11:14:18'),
(667,'Tourneo Custom',9000,NULL,NULL,'2017-08-17 11:14:18'),
(668,'Transit',9000,NULL,NULL,'2017-08-17 11:14:18'),
(669,'Transit',9000,NULL,NULL,'2017-08-17 11:14:18'),
(670,'Transit Connect',9000,NULL,NULL,'2017-08-17 11:14:18'),
(671,'Transit Courier',9000,NULL,NULL,'2017-08-17 11:14:18'),
(672,'Transit Custom',9000,NULL,NULL,'2017-08-17 11:14:18'),
(673,'Windstar',9000,NULL,NULL,'2017-08-17 11:14:18'),
(674,'Other',9000,NULL,NULL,'2017-08-17 11:14:18'),
(675,'Other',205,NULL,NULL,'2017-08-17 11:14:18'),
(676,'Other',204,NULL,NULL,'2017-08-17 11:14:18'),
(677,'Acadia',9900,NULL,NULL,'2017-08-17 11:14:18'),
(678,'Envoy',9900,NULL,NULL,'2017-08-17 11:14:18'),
(679,'Safari',9900,NULL,NULL,'2017-08-17 11:14:18'),
(680,'Savana',9900,NULL,NULL,'2017-08-17 11:14:18'),
(681,'Sierra',9900,NULL,NULL,'2017-08-17 11:14:18'),
(682,'Sonoma',9900,NULL,NULL,'2017-08-17 11:14:18'),
(683,'Syclone',9900,NULL,NULL,'2017-08-17 11:14:18'),
(684,'Typhoon',9900,NULL,NULL,'2017-08-17 11:14:18'),
(685,'Vandura',9900,NULL,NULL,'2017-08-17 11:14:18'),
(686,'Yukon',9900,NULL,NULL,'2017-08-17 11:14:18'),
(687,'Other',9900,NULL,NULL,'2017-08-17 11:14:18'),
(688,'Sonique',122,NULL,NULL,'2017-08-17 11:14:18'),
(689,'Other',122,NULL,NULL,'2017-08-17 11:14:18'),
(690,'Other',186,NULL,NULL,'2017-08-17 11:14:18'),
(691,'Other',10850,NULL,NULL,'2017-08-17 11:14:18'),
(692,'Accord',11000,NULL,NULL,'2017-08-17 11:14:18'),
(693,'Aerodeck',11000,NULL,NULL,'2017-08-17 11:14:18'),
(694,'City',11000,NULL,NULL,'2017-08-17 11:14:18'),
(695,'Civic',11000,NULL,NULL,'2017-08-17 11:14:18'),
(696,'Clarity',11000,NULL,NULL,'2017-08-17 11:14:18'),
(697,'Concerto',11000,NULL,NULL,'2017-08-17 11:14:18'),
(698,'CR-V',11000,NULL,NULL,'2017-08-17 11:14:18'),
(699,'CRX',11000,NULL,NULL,'2017-08-17 11:14:18'),
(700,'CR-Z',11000,NULL,NULL,'2017-08-17 11:14:18'),
(701,'Element',11000,NULL,NULL,'2017-08-17 11:14:18'),
(702,'FR-V',11000,NULL,NULL,'2017-08-17 11:14:18'),
(703,'HR-V',11000,NULL,NULL,'2017-08-17 11:14:18'),
(704,'Insight',11000,NULL,NULL,'2017-08-17 11:14:18'),
(705,'Integra',11000,NULL,NULL,'2017-08-17 11:14:18'),
(706,'Jazz',11000,NULL,NULL,'2017-08-17 11:14:18'),
(707,'Legend',11000,NULL,NULL,'2017-08-17 11:14:18'),
(708,'Logo',11000,NULL,NULL,'2017-08-17 11:14:18'),
(709,'NSX',11000,NULL,NULL,'2017-08-17 11:14:18'),
(710,'Odyssey',11000,NULL,NULL,'2017-08-17 11:14:18'),
(711,'Pilot',11000,NULL,NULL,'2017-08-17 11:14:18'),
(712,'Prelude',11000,NULL,NULL,'2017-08-17 11:14:18'),
(713,'Ridgeline',11000,NULL,NULL,'2017-08-17 11:14:18'),
(714,'S2000',11000,NULL,NULL,'2017-08-17 11:14:18'),
(715,'Shuttle',11000,NULL,NULL,'2017-08-17 11:14:18'),
(716,'Stream',11000,NULL,NULL,'2017-08-17 11:14:18'),
(717,'Other',11000,NULL,NULL,'2017-08-17 11:14:18'),
(718,'H1',11050,NULL,NULL,'2017-08-17 11:14:18'),
(719,'H2',11050,NULL,NULL,'2017-08-17 11:14:18'),
(720,'H3',11050,NULL,NULL,'2017-08-17 11:14:18'),
(721,'Other',11050,NULL,NULL,'2017-08-17 11:14:18'),
(722,'Accent',11600,NULL,NULL,'2017-08-17 11:14:18'),
(723,'Atos',11600,NULL,NULL,'2017-08-17 11:14:18'),
(724,'Azera',11600,NULL,NULL,'2017-08-17 11:14:18'),
(725,'Coupe',11600,NULL,NULL,'2017-08-17 11:14:18'),
(726,'Elantra',11600,NULL,NULL,'2017-08-17 11:14:18'),
(727,'Excel',11600,NULL,NULL,'2017-08-17 11:14:18'),
(728,'Galloper',11600,NULL,NULL,'2017-08-17 11:14:18'),
(729,'Genesis',11600,NULL,NULL,'2017-08-17 11:14:18'),
(730,'Getz',11600,NULL,NULL,'2017-08-17 11:14:18'),
(731,'Grandeur',11600,NULL,NULL,'2017-08-17 11:14:18'),
(732,'Grand Santa Fe',11600,NULL,NULL,'2017-08-17 11:14:18'),
(733,'H-1',11600,NULL,NULL,'2017-08-17 11:14:18'),
(734,'H 100',11600,NULL,NULL,'2017-08-17 11:14:18'),
(735,'H-1 Starex',11600,NULL,NULL,'2017-08-17 11:14:18'),
(736,'H 200',11600,NULL,NULL,'2017-08-17 11:14:18'),
(737,'H350',11600,NULL,NULL,'2017-08-17 11:14:18'),
(738,'i10',11600,NULL,NULL,'2017-08-17 11:14:18'),
(739,'i20',11600,NULL,NULL,'2017-08-17 11:14:18'),
(740,'i30',11600,NULL,NULL,'2017-08-17 11:14:18'),
(741,'i40',11600,NULL,NULL,'2017-08-17 11:14:18'),
(742,'i50',11600,NULL,NULL,'2017-08-17 11:14:18'),
(743,'IONIQ',11600,NULL,NULL,'2017-08-17 11:14:18'),
(744,'ix20',11600,NULL,NULL,'2017-08-17 11:14:18'),
(745,'ix35',11600,NULL,NULL,'2017-08-17 11:14:18'),
(746,'ix55',11600,NULL,NULL,'2017-08-17 11:14:18'),
(747,'Lantra',11600,NULL,NULL,'2017-08-17 11:14:18'),
(748,'Matrix',11600,NULL,NULL,'2017-08-17 11:14:18'),
(749,'Pony',11600,NULL,NULL,'2017-08-17 11:14:18'),
(750,'Santa Fe',11600,NULL,NULL,'2017-08-17 11:14:18'),
(751,'Santamo',11600,NULL,NULL,'2017-08-17 11:14:18'),
(752,'S-Coupe',11600,NULL,NULL,'2017-08-17 11:14:18'),
(753,'Sonata',11600,NULL,NULL,'2017-08-17 11:14:18'),
(754,'Terracan',11600,NULL,NULL,'2017-08-17 11:14:18'),
(755,'Trajet',11600,NULL,NULL,'2017-08-17 11:14:18'),
(756,'Tucson',11600,NULL,NULL,'2017-08-17 11:14:18'),
(757,'Veloster',11600,NULL,NULL,'2017-08-17 11:14:18'),
(758,'Veracruz',11600,NULL,NULL,'2017-08-17 11:14:18'),
(759,'XG 30',11600,NULL,NULL,'2017-08-17 11:14:18'),
(760,'XG 350',11600,NULL,NULL,'2017-08-17 11:14:18'),
(761,'Other',11600,NULL,NULL,'2017-08-17 11:14:18'),
(762,'EX30',11650,NULL,NULL,'2017-08-17 11:14:18'),
(763,'EX35',11650,NULL,NULL,'2017-08-17 11:14:18'),
(764,'EX37',11650,NULL,NULL,'2017-08-17 11:14:18'),
(765,'FX',11650,NULL,NULL,'2017-08-17 11:14:18'),
(766,'G35',11650,NULL,NULL,'2017-08-17 11:14:18'),
(767,'G37',11650,NULL,NULL,'2017-08-17 11:14:18'),
(768,'M30',11650,NULL,NULL,'2017-08-17 11:14:18'),
(769,'M35',11650,NULL,NULL,'2017-08-17 11:14:18'),
(770,'M37',11650,NULL,NULL,'2017-08-17 11:14:18'),
(771,'Q30',11650,NULL,NULL,'2017-08-17 11:14:18'),
(772,'Q45',11650,NULL,NULL,'2017-08-17 11:14:18'),
(773,'Q50',11650,NULL,NULL,'2017-08-17 11:14:18'),
(774,'Q60',11650,NULL,NULL,'2017-08-17 11:14:18'),
(775,'Q70',11650,NULL,NULL,'2017-08-17 11:14:18'),
(776,'QX30',11650,NULL,NULL,'2017-08-17 11:14:18'),
(777,'QX50',11650,NULL,NULL,'2017-08-17 11:14:18'),
(778,'QX56',11650,NULL,NULL,'2017-08-17 11:14:18'),
(779,'QX70',11650,NULL,NULL,'2017-08-17 11:14:18'),
(780,'Other',11650,NULL,NULL,'2017-08-17 11:14:18'),
(781,'Campo',11900,NULL,NULL,'2017-08-17 11:14:18'),
(782,'D-Max',11900,NULL,NULL,'2017-08-17 11:14:18'),
(783,'Gemini',11900,NULL,NULL,'2017-08-17 11:14:18'),
(784,'Midi',11900,NULL,NULL,'2017-08-17 11:14:18'),
(785,'PICK UP',11900,NULL,NULL,'2017-08-17 11:14:18'),
(786,'Trooper',11900,NULL,NULL,'2017-08-17 11:14:18'),
(787,'Other',11900,NULL,NULL,'2017-08-17 11:14:18'),
(788,'Massif',12100,NULL,NULL,'2017-08-17 11:14:18'),
(789,'Other',12100,NULL,NULL,'2017-08-17 11:14:18'),
(790,'Daimler',12400,NULL,NULL,'2017-08-17 11:14:18'),
(791,'E-Type',12400,NULL,NULL,'2017-08-17 11:14:18'),
(792,'F-Pace',12400,NULL,NULL,'2017-08-17 11:14:18'),
(793,'F-Type',12400,NULL,NULL,'2017-08-17 11:14:18'),
(794,'MK II',12400,NULL,NULL,'2017-08-17 11:14:18'),
(795,'S-Type',12400,NULL,NULL,'2017-08-17 11:14:18'),
(796,'XE',12400,NULL,NULL,'2017-08-17 11:14:18'),
(797,'XF',12400,NULL,NULL,'2017-08-17 11:14:18'),
(798,'XJ',12400,NULL,NULL,'2017-08-17 11:14:18'),
(799,'XJ12',12400,NULL,NULL,'2017-08-17 11:14:18'),
(800,'XJ40',12400,NULL,NULL,'2017-08-17 11:14:18'),
(801,'XJ6',12400,NULL,NULL,'2017-08-17 11:14:18'),
(802,'XJ8',12400,NULL,NULL,'2017-08-17 11:14:18'),
(803,'XJR',12400,NULL,NULL,'2017-08-17 11:14:18'),
(804,'XJS',12400,NULL,NULL,'2017-08-17 11:14:18'),
(805,'XJSC',12400,NULL,NULL,'2017-08-17 11:14:18'),
(806,'XK',12400,NULL,NULL,'2017-08-17 11:14:18'),
(807,'XKR',12400,NULL,NULL,'2017-08-17 11:14:18'),
(808,'X-Type',12400,NULL,NULL,'2017-08-17 11:14:18'),
(809,'Other',12400,NULL,NULL,'2017-08-17 11:14:18'),
(810,'Cherokee',12600,NULL,NULL,'2017-08-17 11:14:18'),
(811,'CJ',12600,NULL,NULL,'2017-08-17 11:14:18'),
(812,'Comanche',12600,NULL,NULL,'2017-08-17 11:14:18'),
(813,'Commander',12600,NULL,NULL,'2017-08-17 11:14:18'),
(814,'Compass',12600,NULL,NULL,'2017-08-17 11:14:18'),
(815,'Grand Cherokee',12600,NULL,NULL,'2017-08-17 11:14:18'),
(816,'Patriot',12600,NULL,NULL,'2017-08-17 11:14:18'),
(817,'Renegade',12600,NULL,NULL,'2017-08-17 11:14:18'),
(818,'Wagoneer',12600,NULL,NULL,'2017-08-17 11:14:18'),
(819,'Willys',12600,NULL,NULL,'2017-08-17 11:14:18'),
(820,'Wrangler',12600,NULL,NULL,'2017-08-17 11:14:18'),
(821,'Other',12600,NULL,NULL,'2017-08-17 11:14:18'),
(822,'Besta',13200,NULL,NULL,'2017-08-17 11:14:18'),
(823,'Borrego',13200,NULL,NULL,'2017-08-17 11:14:18'),
(824,'Carens',13200,NULL,NULL,'2017-08-17 11:14:18'),
(825,'Carnival',13200,NULL,NULL,'2017-08-17 11:14:18'),
(826,'cee\'d',13200,NULL,NULL,'2017-08-17 11:14:18'),
(827,'cee\'d Sportswagon',13200,NULL,NULL,'2017-08-17 11:14:18'),
(828,'Cerato',13200,NULL,NULL,'2017-08-17 11:14:18'),
(829,'Clarus',13200,NULL,NULL,'2017-08-17 11:14:18'),
(830,'Elan',13200,NULL,NULL,'2017-08-17 11:14:18'),
(831,'Joice',13200,NULL,NULL,'2017-08-17 11:14:18'),
(832,'K2500',13200,NULL,NULL,'2017-08-17 11:14:18'),
(833,'K2700',13200,NULL,NULL,'2017-08-17 11:14:18'),
(834,'Leo',13200,NULL,NULL,'2017-08-17 11:14:18'),
(835,'Magentis',13200,NULL,NULL,'2017-08-17 11:14:18'),
(836,'Mentor',13200,NULL,NULL,'2017-08-17 11:14:18'),
(837,'Mini',13200,NULL,NULL,'2017-08-17 11:14:18'),
(838,'Niro',13200,NULL,NULL,'2017-08-17 11:14:18'),
(839,'Opirus',13200,NULL,NULL,'2017-08-17 11:14:18'),
(840,'Optima',13200,NULL,NULL,'2017-08-17 11:14:18'),
(841,'Picanto',13200,NULL,NULL,'2017-08-17 11:14:18'),
(842,'Pregio',13200,NULL,NULL,'2017-08-17 11:14:18'),
(843,'Pride',13200,NULL,NULL,'2017-08-17 11:14:18'),
(844,'pro_cee\'d',13200,NULL,NULL,'2017-08-17 11:14:18'),
(845,'Retona',13200,NULL,NULL,'2017-08-17 11:14:18'),
(846,'Rio',13200,NULL,NULL,'2017-08-17 11:14:18'),
(847,'Roadster',13200,NULL,NULL,'2017-08-17 11:14:18'),
(848,'Rocsta',13200,NULL,NULL,'2017-08-17 11:14:18'),
(849,'Sephia',13200,NULL,NULL,'2017-08-17 11:14:18'),
(850,'Shuma',13200,NULL,NULL,'2017-08-17 11:14:18'),
(851,'Sorento',13200,NULL,NULL,'2017-08-17 11:14:18'),
(852,'Soul',13200,NULL,NULL,'2017-08-17 11:14:18'),
(853,'Sportage',13200,NULL,NULL,'2017-08-17 11:14:18'),
(854,'Venga',13200,NULL,NULL,'2017-08-17 11:14:18'),
(855,'Other',13200,NULL,NULL,'2017-08-17 11:14:18'),
(856,'Agera',13450,NULL,NULL,'2017-08-17 11:14:18'),
(857,'CCR',13450,NULL,NULL,'2017-08-17 11:14:18'),
(858,'CCXR',13450,NULL,NULL,'2017-08-17 11:14:18'),
(859,'Other',13450,NULL,NULL,'2017-08-17 11:14:18'),
(860,'X-BOW',13900,NULL,NULL,'2017-08-17 11:14:18'),
(861,'Other',13900,NULL,NULL,'2017-08-17 11:14:18'),
(862,'110',14400,NULL,NULL,'2017-08-17 11:14:18'),
(863,'111',14400,NULL,NULL,'2017-08-17 11:14:18'),
(864,'112',14400,NULL,NULL,'2017-08-17 11:14:18'),
(865,'1200',14400,NULL,NULL,'2017-08-17 11:14:18'),
(866,'2107',14400,NULL,NULL,'2017-08-17 11:14:18'),
(867,'2110',14400,NULL,NULL,'2017-08-17 11:14:18'),
(868,'2111',14400,NULL,NULL,'2017-08-17 11:14:18'),
(869,'2112',14400,NULL,NULL,'2017-08-17 11:14:18'),
(870,'Aleko',14400,NULL,NULL,'2017-08-17 11:14:18'),
(871,'Forma',14400,NULL,NULL,'2017-08-17 11:14:18'),
(872,'Granta',14400,NULL,NULL,'2017-08-17 11:14:18'),
(873,'Kalina',14400,NULL,NULL,'2017-08-17 11:14:18'),
(874,'Niva',14400,NULL,NULL,'2017-08-17 11:14:18'),
(875,'Nova',14400,NULL,NULL,'2017-08-17 11:14:18'),
(876,'Priora',14400,NULL,NULL,'2017-08-17 11:14:18'),
(877,'Samara',14400,NULL,NULL,'2017-08-17 11:14:18'),
(878,'Taiga',14400,NULL,NULL,'2017-08-17 11:14:18'),
(879,'Urban',14400,NULL,NULL,'2017-08-17 11:14:18'),
(880,'Vesta',14400,NULL,NULL,'2017-08-17 11:14:18'),
(881,'X-Ray',14400,NULL,NULL,'2017-08-17 11:14:18'),
(882,'Other',14400,NULL,NULL,'2017-08-17 11:14:18'),
(883,'Aventador',14600,NULL,NULL,'2017-08-17 11:14:18'),
(884,'Countach',14600,NULL,NULL,'2017-08-17 11:14:18'),
(885,'Diablo',14600,NULL,NULL,'2017-08-17 11:14:18'),
(886,'Espada',14600,NULL,NULL,'2017-08-17 11:14:18'),
(887,'Gallardo',14600,NULL,NULL,'2017-08-17 11:14:18'),
(888,'Huracán',14600,NULL,NULL,'2017-08-17 11:14:18'),
(889,'Jalpa',14600,NULL,NULL,'2017-08-17 11:14:18'),
(890,'LM',14600,NULL,NULL,'2017-08-17 11:14:18'),
(891,'Miura',14600,NULL,NULL,'2017-08-17 11:14:18'),
(892,'Murciélago',14600,NULL,NULL,'2017-08-17 11:14:18'),
(893,'Urraco',14600,NULL,NULL,'2017-08-17 11:14:18'),
(894,'Other',14600,NULL,NULL,'2017-08-17 11:14:18'),
(895,'Beta',14700,NULL,NULL,'2017-08-17 11:14:18'),
(896,'Dedra',14700,NULL,NULL,'2017-08-17 11:14:18'),
(897,'Delta',14700,NULL,NULL,'2017-08-17 11:14:18'),
(898,'Flaminia',14700,NULL,NULL,'2017-08-17 11:14:18'),
(899,'Flavia',14700,NULL,NULL,'2017-08-17 11:14:18'),
(900,'Fulvia',14700,NULL,NULL,'2017-08-17 11:14:18'),
(901,'Gamma',14700,NULL,NULL,'2017-08-17 11:14:18'),
(902,'Kappa',14700,NULL,NULL,'2017-08-17 11:14:18'),
(903,'Lybra',14700,NULL,NULL,'2017-08-17 11:14:18'),
(904,'MUSA',14700,NULL,NULL,'2017-08-17 11:14:18'),
(905,'Phedra',14700,NULL,NULL,'2017-08-17 11:14:18'),
(906,'Prisma',14700,NULL,NULL,'2017-08-17 11:14:18'),
(907,'Stratos',14700,NULL,NULL,'2017-08-17 11:14:18'),
(908,'Thema',14700,NULL,NULL,'2017-08-17 11:14:18'),
(909,'Thesis',14700,NULL,NULL,'2017-08-17 11:14:18'),
(910,'Voyager',14700,NULL,NULL,'2017-08-17 11:14:18'),
(911,'Ypsilon',14700,NULL,NULL,'2017-08-17 11:14:18'),
(912,'Zeta',14700,NULL,NULL,'2017-08-17 11:14:18'),
(913,'Other',14700,NULL,NULL,'2017-08-17 11:14:18'),
(914,'Defender',14800,NULL,NULL,'2017-08-17 11:14:18'),
(915,'Discovery',14800,NULL,NULL,'2017-08-17 11:14:18'),
(916,'Discovery Sport',14800,NULL,NULL,'2017-08-17 11:14:18'),
(917,'Freelander',14800,NULL,NULL,'2017-08-17 11:14:18'),
(918,'Range Rover',14800,NULL,NULL,'2017-08-17 11:14:18'),
(919,'Range Rover Evoque',14800,NULL,NULL,'2017-08-17 11:14:18'),
(920,'Range Rover Sport',14800,NULL,NULL,'2017-08-17 11:14:18'),
(921,'Serie I',14800,NULL,NULL,'2017-08-17 11:14:18'),
(922,'Serie II',14800,NULL,NULL,'2017-08-17 11:14:18'),
(923,'Serie III',14800,NULL,NULL,'2017-08-17 11:14:18'),
(924,'Other',14800,NULL,NULL,'2017-08-17 11:14:18'),
(925,'CV-9',14845,NULL,NULL,'2017-08-17 11:14:18'),
(926,'S',14845,NULL,NULL,'2017-08-17 11:14:18'),
(927,'SC2',14845,NULL,NULL,'2017-08-17 11:14:18'),
(928,'SC4',14845,NULL,NULL,'2017-08-17 11:14:18'),
(929,'Other',14845,NULL,NULL,'2017-08-17 11:14:18'),
(930,'CT 200h',15200,NULL,NULL,'2017-08-17 11:14:18'),
(931,'ES Series',15200,NULL,NULL,'2017-08-17 11:14:18'),
(932,'ES 300',15200,NULL,NULL,'2017-08-17 11:14:18'),
(933,'ES 330',15200,NULL,NULL,'2017-08-17 11:14:18'),
(934,'ES 350',15200,NULL,NULL,'2017-08-17 11:14:18'),
(935,'GS Series',15200,NULL,NULL,'2017-08-17 11:14:18'),
(936,'GS 250',15200,NULL,NULL,'2017-08-17 11:14:18'),
(937,'GS 300',15200,NULL,NULL,'2017-08-17 11:14:18'),
(938,'GS 350',15200,NULL,NULL,'2017-08-17 11:14:18'),
(939,'GS 430',15200,NULL,NULL,'2017-08-17 11:14:18'),
(940,'GS 450',15200,NULL,NULL,'2017-08-17 11:14:18'),
(941,'GS 460',15200,NULL,NULL,'2017-08-17 11:14:18'),
(942,'GS F',15200,NULL,NULL,'2017-08-17 11:14:18'),
(943,'GX 470',15200,NULL,NULL,'2017-08-17 11:14:18'),
(944,'IS Series',15200,NULL,NULL,'2017-08-17 11:14:18'),
(945,'IS 200',15200,NULL,NULL,'2017-08-17 11:14:18'),
(946,'IS 220',15200,NULL,NULL,'2017-08-17 11:14:18'),
(947,'IS 250',15200,NULL,NULL,'2017-08-17 11:14:18'),
(948,'IS 300',15200,NULL,NULL,'2017-08-17 11:14:18'),
(949,'IS 350',15200,NULL,NULL,'2017-08-17 11:14:18'),
(950,'IS-F',15200,NULL,NULL,'2017-08-17 11:14:18'),
(951,'LFA',15200,NULL,NULL,'2017-08-17 11:14:18'),
(952,'LS Series',15200,NULL,NULL,'2017-08-17 11:14:18'),
(953,'LS 400',15200,NULL,NULL,'2017-08-17 11:14:18'),
(954,'LS 430',15200,NULL,NULL,'2017-08-17 11:14:18'),
(955,'LS 460',15200,NULL,NULL,'2017-08-17 11:14:18'),
(956,'LS 600',15200,NULL,NULL,'2017-08-17 11:14:18'),
(957,'LX Series',15200,NULL,NULL,'2017-08-17 11:14:18'),
(958,'LX 470',15200,NULL,NULL,'2017-08-17 11:14:18'),
(959,'LX 570',15200,NULL,NULL,'2017-08-17 11:14:18'),
(960,'NX Series',15200,NULL,NULL,'2017-08-17 11:14:18'),
(961,'NX 200',15200,NULL,NULL,'2017-08-17 11:14:18'),
(962,'NX 300',15200,NULL,NULL,'2017-08-17 11:14:18'),
(963,'RC Series',15200,NULL,NULL,'2017-08-17 11:14:18'),
(964,'RC 200',15200,NULL,NULL,'2017-08-17 11:14:18'),
(965,'RC 300',15200,NULL,NULL,'2017-08-17 11:14:18'),
(966,'RC 350',15200,NULL,NULL,'2017-08-17 11:14:18'),
(967,'RC F',15200,NULL,NULL,'2017-08-17 11:14:18'),
(968,'RX Series',15200,NULL,NULL,'2017-08-17 11:14:18'),
(969,'RX 200',15200,NULL,NULL,'2017-08-17 11:14:18'),
(970,'RX 300',15200,NULL,NULL,'2017-08-17 11:14:18'),
(971,'RX 330',15200,NULL,NULL,'2017-08-17 11:14:18'),
(972,'RX 350',15200,NULL,NULL,'2017-08-17 11:14:18'),
(973,'RX 400',15200,NULL,NULL,'2017-08-17 11:14:18'),
(974,'RX 450',15200,NULL,NULL,'2017-08-17 11:14:18'),
(975,'SC 400',15200,NULL,NULL,'2017-08-17 11:14:18'),
(976,'SC 430',15200,NULL,NULL,'2017-08-17 11:14:18'),
(977,'Other',15200,NULL,NULL,'2017-08-17 11:14:18'),
(978,'Ambra',15400,NULL,NULL,'2017-08-17 11:14:18'),
(979,'Be Sun',15400,NULL,NULL,'2017-08-17 11:14:18'),
(980,'JS 50',15400,NULL,NULL,'2017-08-17 11:14:18'),
(981,'JS 50 L',15400,NULL,NULL,'2017-08-17 11:14:18'),
(982,'JS RC',15400,NULL,NULL,'2017-08-17 11:14:18'),
(983,'Nova',15400,NULL,NULL,'2017-08-17 11:14:18'),
(984,'Optima',15400,NULL,NULL,'2017-08-17 11:14:18'),
(985,'X - Too',15400,NULL,NULL,'2017-08-17 11:14:18'),
(986,'Other',15400,NULL,NULL,'2017-08-17 11:14:18'),
(987,'Aviator',15500,NULL,NULL,'2017-08-17 11:14:18'),
(988,'Continental',15500,NULL,NULL,'2017-08-17 11:14:18'),
(989,'LS',15500,NULL,NULL,'2017-08-17 11:14:18'),
(990,'Mark',15500,NULL,NULL,'2017-08-17 11:14:18'),
(991,'Navigator',15500,NULL,NULL,'2017-08-17 11:14:18'),
(992,'Town Car',15500,NULL,NULL,'2017-08-17 11:14:18'),
(993,'Other',15500,NULL,NULL,'2017-08-17 11:14:18'),
(994,'340 R',15900,NULL,NULL,'2017-08-17 11:14:18'),
(995,'Cortina',15900,NULL,NULL,'2017-08-17 11:14:18'),
(996,'Elan',15900,NULL,NULL,'2017-08-17 11:14:18'),
(997,'Elise',15900,NULL,NULL,'2017-08-17 11:14:18'),
(998,'Elite',15900,NULL,NULL,'2017-08-17 11:14:18'),
(999,'Esprit',15900,NULL,NULL,'2017-08-17 11:14:18'),
(1000,'Europa',15900,NULL,NULL,'2017-08-17 11:14:18'),
(1001,'Evora',15900,NULL,NULL,'2017-08-17 11:14:18'),
(1002,'Excel',15900,NULL,NULL,'2017-08-17 11:14:18'),
(1003,'Exige',15900,NULL,NULL,'2017-08-17 11:14:18'),
(1004,'Super Seven',15900,NULL,NULL,'2017-08-17 11:14:18'),
(1005,'Other',15900,NULL,NULL,'2017-08-17 11:14:18'),
(1006,'Other',16200,NULL,NULL,'2017-08-17 11:14:18'),
(1007,'222',16600,NULL,NULL,'2017-08-17 11:14:18'),
(1008,'224',16600,NULL,NULL,'2017-08-17 11:14:18'),
(1009,'228',16600,NULL,NULL,'2017-08-17 11:14:18'),
(1010,'3200',16600,NULL,NULL,'2017-08-17 11:14:18'),
(1011,'418',16600,NULL,NULL,'2017-08-17 11:14:18'),
(1012,'420',16600,NULL,NULL,'2017-08-17 11:14:18'),
(1013,'4200',16600,NULL,NULL,'2017-08-17 11:14:18'),
(1014,'422',16600,NULL,NULL,'2017-08-17 11:14:18'),
(1015,'424',16600,NULL,NULL,'2017-08-17 11:14:18'),
(1016,'430',16600,NULL,NULL,'2017-08-17 11:14:18'),
(1017,'Biturbo',16600,NULL,NULL,'2017-08-17 11:14:18'),
(1018,'Ghibli',16600,NULL,NULL,'2017-08-17 11:14:18'),
(1019,'GranCabrio',16600,NULL,NULL,'2017-08-17 11:14:18'),
(1020,'Gransport',16600,NULL,NULL,'2017-08-17 11:14:18'),
(1021,'Granturismo',16600,NULL,NULL,'2017-08-17 11:14:18'),
(1022,'Indy',16600,NULL,NULL,'2017-08-17 11:14:18'),
(1023,'Karif',16600,NULL,NULL,'2017-08-17 11:14:18'),
(1024,'Levante',16600,NULL,NULL,'2017-08-17 11:14:18'),
(1025,'MC12',16600,NULL,NULL,'2017-08-17 11:14:18'),
(1026,'Merak',16600,NULL,NULL,'2017-08-17 11:14:18'),
(1027,'Quattroporte',16600,NULL,NULL,'2017-08-17 11:14:18'),
(1028,'Shamal',16600,NULL,NULL,'2017-08-17 11:14:18'),
(1029,'Spyder',16600,NULL,NULL,'2017-08-17 11:14:18'),
(1030,'Other',16600,NULL,NULL,'2017-08-17 11:14:18'),
(1031,'57',16700,NULL,NULL,'2017-08-17 11:14:18'),
(1032,'62',16700,NULL,NULL,'2017-08-17 11:14:18'),
(1033,'Pullman',16700,NULL,NULL,'2017-08-17 11:14:18'),
(1034,'Other',16700,NULL,NULL,'2017-08-17 11:14:18'),
(1035,'121',16800,NULL,NULL,'2017-08-17 11:14:18'),
(1036,'2',16800,NULL,NULL,'2017-08-17 11:14:18'),
(1037,'3',16800,NULL,NULL,'2017-08-17 11:14:18'),
(1038,'323',16800,NULL,NULL,'2017-08-17 11:14:18'),
(1039,'5',16800,NULL,NULL,'2017-08-17 11:14:18'),
(1040,'6',16800,NULL,NULL,'2017-08-17 11:14:18'),
(1041,'626',16800,NULL,NULL,'2017-08-17 11:14:18'),
(1042,'929',16800,NULL,NULL,'2017-08-17 11:14:18'),
(1043,'Bongo',16800,NULL,NULL,'2017-08-17 11:14:18'),
(1044,'B series',16800,NULL,NULL,'2017-08-17 11:14:18'),
(1045,'BT-50',16800,NULL,NULL,'2017-08-17 11:14:18'),
(1046,'CX-3',16800,NULL,NULL,'2017-08-17 11:14:18'),
(1047,'CX-5',16800,NULL,NULL,'2017-08-17 11:14:18'),
(1048,'CX-7',16800,NULL,NULL,'2017-08-17 11:14:18'),
(1049,'CX-9',16800,NULL,NULL,'2017-08-17 11:14:18'),
(1050,'Demio',16800,NULL,NULL,'2017-08-17 11:14:18'),
(1051,'E series',16800,NULL,NULL,'2017-08-17 11:14:18'),
(1052,'Millenia',16800,NULL,NULL,'2017-08-17 11:14:18'),
(1053,'MPV',16800,NULL,NULL,'2017-08-17 11:14:18'),
(1054,'MX-3',16800,NULL,NULL,'2017-08-17 11:14:18'),
(1055,'MX-5',16800,NULL,NULL,'2017-08-17 11:14:18'),
(1056,'MX-6',16800,NULL,NULL,'2017-08-17 11:14:18'),
(1057,'Premacy',16800,NULL,NULL,'2017-08-17 11:14:18'),
(1058,'Protege',16800,NULL,NULL,'2017-08-17 11:14:18'),
(1059,'RX-6',16800,NULL,NULL,'2017-08-17 11:14:18'),
(1060,'RX-7',16800,NULL,NULL,'2017-08-17 11:14:18'),
(1061,'RX-8',16800,NULL,NULL,'2017-08-17 11:14:18'),
(1062,'Tribute',16800,NULL,NULL,'2017-08-17 11:14:18'),
(1063,'Xedos',16800,NULL,NULL,'2017-08-17 11:14:18'),
(1064,'Other',16800,NULL,NULL,'2017-08-17 11:14:18'),
(1065,'540C',137,NULL,NULL,'2017-08-17 11:14:18'),
(1066,'570GT',137,NULL,NULL,'2017-08-17 11:14:18'),
(1067,'570S',137,NULL,NULL,'2017-08-17 11:14:18'),
(1068,'650S',137,NULL,NULL,'2017-08-17 11:14:18'),
(1069,'650S Coupé',137,NULL,NULL,'2017-08-17 11:14:18'),
(1070,'650S Spider',137,NULL,NULL,'2017-08-17 11:14:18'),
(1071,'675LT',137,NULL,NULL,'2017-08-17 11:14:18'),
(1072,'675LT Spider',137,NULL,NULL,'2017-08-17 11:14:18'),
(1073,'MP4-12C',137,NULL,NULL,'2017-08-17 11:14:18'),
(1074,'P1',137,NULL,NULL,'2017-08-17 11:14:18'),
(1075,'Other',137,NULL,NULL,'2017-08-17 11:14:18'),
(1076,'190',17200,NULL,NULL,'2017-08-17 11:14:18'),
(1077,'200',17200,NULL,NULL,'2017-08-17 11:14:18'),
(1078,'220',17200,NULL,NULL,'2017-08-17 11:14:18'),
(1079,'230',17200,NULL,NULL,'2017-08-17 11:14:18'),
(1080,'240',17200,NULL,NULL,'2017-08-17 11:14:18'),
(1081,'250',17200,NULL,NULL,'2017-08-17 11:14:18'),
(1082,'260',17200,NULL,NULL,'2017-08-17 11:14:18'),
(1083,'270',17200,NULL,NULL,'2017-08-17 11:14:18'),
(1084,'280',17200,NULL,NULL,'2017-08-17 11:14:18'),
(1085,'290',17200,NULL,NULL,'2017-08-17 11:14:18'),
(1086,'300',17200,NULL,NULL,'2017-08-17 11:14:18'),
(1087,'320',17200,NULL,NULL,'2017-08-17 11:14:18'),
(1088,'350',17200,NULL,NULL,'2017-08-17 11:14:18'),
(1089,'380',17200,NULL,NULL,'2017-08-17 11:14:18'),
(1090,'400',17200,NULL,NULL,'2017-08-17 11:14:18'),
(1091,'416',17200,NULL,NULL,'2017-08-17 11:14:18'),
(1092,'420',17200,NULL,NULL,'2017-08-17 11:14:18'),
(1093,'450',17200,NULL,NULL,'2017-08-17 11:14:18'),
(1094,'500',17200,NULL,NULL,'2017-08-17 11:14:18'),
(1095,'560',17200,NULL,NULL,'2017-08-17 11:14:18'),
(1096,'600',17200,NULL,NULL,'2017-08-17 11:14:18'),
(1097,'A-Klasse',17200,NULL,NULL,'2017-08-17 11:14:18'),
(1098,'A 140',17200,NULL,NULL,'2017-08-17 11:14:18'),
(1099,'A 150',17200,NULL,NULL,'2017-08-17 11:14:18'),
(1100,'A 160',17200,NULL,NULL,'2017-08-17 11:14:18'),
(1101,'A 170',17200,NULL,NULL,'2017-08-17 11:14:18'),
(1102,'A 180',17200,NULL,NULL,'2017-08-17 11:14:18'),
(1103,'A 190',17200,NULL,NULL,'2017-08-17 11:14:18'),
(1104,'A 200',17200,NULL,NULL,'2017-08-17 11:14:18'),
(1105,'A 210',17200,NULL,NULL,'2017-08-17 11:14:18'),
(1106,'A 220',17200,NULL,NULL,'2017-08-17 11:14:18'),
(1107,'A 250',17200,NULL,NULL,'2017-08-17 11:14:18'),
(1108,'A 45 AMG',17200,NULL,NULL,'2017-08-17 11:14:18'),
(1109,'B-Klasse',17200,NULL,NULL,'2017-08-17 11:14:18'),
(1110,'B 150',17200,NULL,NULL,'2017-08-17 11:14:18'),
(1111,'B 160',17200,NULL,NULL,'2017-08-17 11:14:18'),
(1112,'B 170',17200,NULL,NULL,'2017-08-17 11:14:18'),
(1113,'B 180',17200,NULL,NULL,'2017-08-17 11:14:18'),
(1114,'B 200',17200,NULL,NULL,'2017-08-17 11:14:18'),
(1115,'B 220',17200,NULL,NULL,'2017-08-17 11:14:18'),
(1116,'B 250',17200,NULL,NULL,'2017-08-17 11:14:18'),
(1117,'B Electric Drive',17200,NULL,NULL,'2017-08-17 11:14:18'),
(1118,'CE-Klasse',17200,NULL,NULL,'2017-08-17 11:14:18'),
(1119,'CE 200',17200,NULL,NULL,'2017-08-17 11:14:18'),
(1120,'CE 220',17200,NULL,NULL,'2017-08-17 11:14:18'),
(1121,'CE 230',17200,NULL,NULL,'2017-08-17 11:14:18'),
(1122,'CE 280',17200,NULL,NULL,'2017-08-17 11:14:18'),
(1123,'CE 300',17200,NULL,NULL,'2017-08-17 11:14:18'),
(1124,'CE 320',17200,NULL,NULL,'2017-08-17 11:14:18'),
(1125,'Citan',17200,NULL,NULL,'2017-08-17 11:14:18'),
(1126,'C-Klasse',17200,NULL,NULL,'2017-08-17 11:14:18'),
(1127,'C 160',17200,NULL,NULL,'2017-08-17 11:14:18'),
(1128,'C 180',17200,NULL,NULL,'2017-08-17 11:14:18'),
(1129,'C 200',17200,NULL,NULL,'2017-08-17 11:14:18'),
(1130,'C 220',17200,NULL,NULL,'2017-08-17 11:14:18'),
(1131,'C 230',17200,NULL,NULL,'2017-08-17 11:14:18'),
(1132,'C 240',17200,NULL,NULL,'2017-08-17 11:14:18'),
(1133,'C 250',17200,NULL,NULL,'2017-08-17 11:14:18'),
(1134,'C 270',17200,NULL,NULL,'2017-08-17 11:14:18'),
(1135,'C 280',17200,NULL,NULL,'2017-08-17 11:14:18'),
(1136,'C 300',17200,NULL,NULL,'2017-08-17 11:14:18'),
(1137,'C 30 AMG',17200,NULL,NULL,'2017-08-17 11:14:18'),
(1138,'C 320',17200,NULL,NULL,'2017-08-17 11:14:18'),
(1139,'C 32 AMG',17200,NULL,NULL,'2017-08-17 11:14:18'),
(1140,'C 350',17200,NULL,NULL,'2017-08-17 11:14:18'),
(1141,'C 36 AMG',17200,NULL,NULL,'2017-08-17 11:14:18'),
(1142,'C 400',17200,NULL,NULL,'2017-08-17 11:14:18'),
(1143,'C 43 AMG',17200,NULL,NULL,'2017-08-17 11:14:18'),
(1144,'C 450 AMG',17200,NULL,NULL,'2017-08-17 11:14:18'),
(1145,'C 55 AMG',17200,NULL,NULL,'2017-08-17 11:14:18'),
(1146,'C 63 AMG',17200,NULL,NULL,'2017-08-17 11:14:18'),
(1147,'CLA-Klasse',17200,NULL,NULL,'2017-08-17 11:14:18'),
(1148,'CLA 180',17200,NULL,NULL,'2017-08-17 11:14:18'),
(1149,'CLA 180 Shooting Brake',17200,NULL,NULL,'2017-08-17 11:14:18'),
(1150,'CLA 200',17200,NULL,NULL,'2017-08-17 11:14:18'),
(1151,'CLA 200 Shooting Brake',17200,NULL,NULL,'2017-08-17 11:14:18'),
(1152,'CLA 220',17200,NULL,NULL,'2017-08-17 11:14:18'),
(1153,'CLA 220 Shooting Brake',17200,NULL,NULL,'2017-08-17 11:14:18'),
(1154,'CLA 250',17200,NULL,NULL,'2017-08-17 11:14:18'),
(1155,'CLA 250 Shooting Brake',17200,NULL,NULL,'2017-08-17 11:14:18'),
(1156,'CLA 45 AMG',17200,NULL,NULL,'2017-08-17 11:14:18'),
(1157,'CLA 45 AMG Shooting Brake',17200,NULL,NULL,'2017-08-17 11:14:18'),
(1158,'CLA Shooting Brake',17200,NULL,NULL,'2017-08-17 11:14:18'),
(1159,'CLC-Klasse',17200,NULL,NULL,'2017-08-17 11:14:18'),
(1160,'CLC 160',17200,NULL,NULL,'2017-08-17 11:14:18'),
(1161,'CLC 180',17200,NULL,NULL,'2017-08-17 11:14:18'),
(1162,'CLC 200',17200,NULL,NULL,'2017-08-17 11:14:18'),
(1163,'CLC 220',17200,NULL,NULL,'2017-08-17 11:14:18'),
(1164,'CLC 230',17200,NULL,NULL,'2017-08-17 11:14:18'),
(1165,'CLC 250',17200,NULL,NULL,'2017-08-17 11:14:18'),
(1166,'CLC 350',17200,NULL,NULL,'2017-08-17 11:14:18'),
(1167,'CLK-Klasse',17200,NULL,NULL,'2017-08-17 11:14:18'),
(1168,'CLK 200',17200,NULL,NULL,'2017-08-17 11:14:18'),
(1169,'CLK 220',17200,NULL,NULL,'2017-08-17 11:14:18'),
(1170,'CLK 230',17200,NULL,NULL,'2017-08-17 11:14:18'),
(1171,'CLK 240',17200,NULL,NULL,'2017-08-17 11:14:18'),
(1172,'CLK 270',17200,NULL,NULL,'2017-08-17 11:14:18'),
(1173,'CLK 280',17200,NULL,NULL,'2017-08-17 11:14:18'),
(1174,'CLK 320',17200,NULL,NULL,'2017-08-17 11:14:18'),
(1175,'CLK 350',17200,NULL,NULL,'2017-08-17 11:14:18'),
(1176,'CLK 430',17200,NULL,NULL,'2017-08-17 11:14:18'),
(1177,'CLK 500',17200,NULL,NULL,'2017-08-17 11:14:18'),
(1178,'CLK 55 AMG',17200,NULL,NULL,'2017-08-17 11:14:18'),
(1179,'CLK 63 AMG',17200,NULL,NULL,'2017-08-17 11:14:18'),
(1180,'CL-Klasse',17200,NULL,NULL,'2017-08-17 11:14:18'),
(1181,'CL 160',17200,NULL,NULL,'2017-08-17 11:14:18'),
(1182,'CL 180',17200,NULL,NULL,'2017-08-17 11:14:18'),
(1183,'CL 200',17200,NULL,NULL,'2017-08-17 11:14:18'),
(1184,'CL 220',17200,NULL,NULL,'2017-08-17 11:14:18'),
(1185,'CL 230',17200,NULL,NULL,'2017-08-17 11:14:18'),
(1186,'CL 320',17200,NULL,NULL,'2017-08-17 11:14:18'),
(1187,'CL 420',17200,NULL,NULL,'2017-08-17 11:14:18'),
(1188,'CL 500',17200,NULL,NULL,'2017-08-17 11:14:18'),
(1189,'CL 55 AMG',17200,NULL,NULL,'2017-08-17 11:14:18'),
(1190,'CL 600',17200,NULL,NULL,'2017-08-17 11:14:18'),
(1191,'CL 63 AMG',17200,NULL,NULL,'2017-08-17 11:14:18'),
(1192,'CL 65 AMG',17200,NULL,NULL,'2017-08-17 11:14:18'),
(1193,'CLS-Klasse',17200,NULL,NULL,'2017-08-17 11:14:18'),
(1194,'CLS 220',17200,NULL,NULL,'2017-08-17 11:14:18'),
(1195,'CLS 220 Shooting Brake',17200,NULL,NULL,'2017-08-17 11:14:18'),
(1196,'CLS 250',17200,NULL,NULL,'2017-08-17 11:14:18'),
(1197,'CLS 250 Shooting Brake',17200,NULL,NULL,'2017-08-17 11:14:18'),
(1198,'CLS 280',17200,NULL,NULL,'2017-08-17 11:14:18'),
(1199,'CLS 300',17200,NULL,NULL,'2017-08-17 11:14:18'),
(1200,'CLS 320',17200,NULL,NULL,'2017-08-17 11:14:18'),
(1201,'CLS 350',17200,NULL,NULL,'2017-08-17 11:14:18'),
(1202,'CLS 350 Shooting Brake',17200,NULL,NULL,'2017-08-17 11:14:18'),
(1203,'CLS 400',17200,NULL,NULL,'2017-08-17 11:14:18'),
(1204,'CLS 400 Shooting Brake',17200,NULL,NULL,'2017-08-17 11:14:18'),
(1205,'CLS 500',17200,NULL,NULL,'2017-08-17 11:14:18'),
(1206,'CLS 500 Shooting Brake',17200,NULL,NULL,'2017-08-17 11:14:18'),
(1207,'CLS 55 AMG',17200,NULL,NULL,'2017-08-17 11:14:18'),
(1208,'CLS 63 AMG',17200,NULL,NULL,'2017-08-17 11:14:18'),
(1209,'CLS 63 AMG Shooting Brake',17200,NULL,NULL,'2017-08-17 11:14:18'),
(1210,'CLS Shooting Brake',17200,NULL,NULL,'2017-08-17 11:14:18'),
(1211,'E-Klasse',17200,NULL,NULL,'2017-08-17 11:14:18'),
(1212,'E 200',17200,NULL,NULL,'2017-08-17 11:14:18'),
(1213,'E 220',17200,NULL,NULL,'2017-08-17 11:14:18'),
(1214,'E 230',17200,NULL,NULL,'2017-08-17 11:14:18'),
(1215,'E 240',17200,NULL,NULL,'2017-08-17 11:14:18'),
(1216,'E 250',17200,NULL,NULL,'2017-08-17 11:14:18'),
(1217,'E 260',17200,NULL,NULL,'2017-08-17 11:14:18'),
(1218,'E 270',17200,NULL,NULL,'2017-08-17 11:14:18'),
(1219,'E 280',17200,NULL,NULL,'2017-08-17 11:14:18'),
(1220,'E 290',17200,NULL,NULL,'2017-08-17 11:14:18'),
(1221,'E 300',17200,NULL,NULL,'2017-08-17 11:14:18'),
(1222,'E 320',17200,NULL,NULL,'2017-08-17 11:14:18'),
(1223,'E 350',17200,NULL,NULL,'2017-08-17 11:14:18'),
(1224,'E 36 AMG',17200,NULL,NULL,'2017-08-17 11:14:18'),
(1225,'E 400',17200,NULL,NULL,'2017-08-17 11:14:18'),
(1226,'E 420',17200,NULL,NULL,'2017-08-17 11:14:18'),
(1227,'E 430',17200,NULL,NULL,'2017-08-17 11:14:18'),
(1228,'E 43 AMG',17200,NULL,NULL,'2017-08-17 11:14:18'),
(1229,'E 50',17200,NULL,NULL,'2017-08-17 11:14:18'),
(1230,'E 500',17200,NULL,NULL,'2017-08-17 11:14:18'),
(1231,'E 55 AMG',17200,NULL,NULL,'2017-08-17 11:14:18'),
(1232,'E 60 AMG',17200,NULL,NULL,'2017-08-17 11:14:18'),
(1233,'E 63 AMG',17200,NULL,NULL,'2017-08-17 11:14:18'),
(1234,'G-Klasse',17200,NULL,NULL,'2017-08-17 11:14:18'),
(1235,'G 230',17200,NULL,NULL,'2017-08-17 11:14:18'),
(1236,'G 240',17200,NULL,NULL,'2017-08-17 11:14:18'),
(1237,'G 250',17200,NULL,NULL,'2017-08-17 11:14:18'),
(1238,'G 270',17200,NULL,NULL,'2017-08-17 11:14:18'),
(1239,'G 280',17200,NULL,NULL,'2017-08-17 11:14:18'),
(1240,'G 290',17200,NULL,NULL,'2017-08-17 11:14:18'),
(1241,'G 300',17200,NULL,NULL,'2017-08-17 11:14:18'),
(1242,'G 320',17200,NULL,NULL,'2017-08-17 11:14:18'),
(1243,'G 350',17200,NULL,NULL,'2017-08-17 11:14:18'),
(1244,'G 400',17200,NULL,NULL,'2017-08-17 11:14:18'),
(1245,'G 500',17200,NULL,NULL,'2017-08-17 11:14:18'),
(1246,'G 55 AMG',17200,NULL,NULL,'2017-08-17 11:14:18'),
(1247,'G 63 AMG',17200,NULL,NULL,'2017-08-17 11:14:18'),
(1248,'G 65 AMG',17200,NULL,NULL,'2017-08-17 11:14:18'),
(1249,'GLA-Klasse',17200,NULL,NULL,'2017-08-17 11:14:18'),
(1250,'GLA 180',17200,NULL,NULL,'2017-08-17 11:14:18'),
(1251,'GLA 200',17200,NULL,NULL,'2017-08-17 11:14:18'),
(1252,'GLA 220',17200,NULL,NULL,'2017-08-17 11:14:18'),
(1253,'GLA 250',17200,NULL,NULL,'2017-08-17 11:14:18'),
(1254,'GLA 45 AMG',17200,NULL,NULL,'2017-08-17 11:14:18'),
(1255,'GLC-Klasse',17200,NULL,NULL,'2017-08-17 11:14:18'),
(1256,'GLC 220',17200,NULL,NULL,'2017-08-17 11:14:18'),
(1257,'GLC 250',17200,NULL,NULL,'2017-08-17 11:14:18'),
(1258,'GLC 350',17200,NULL,NULL,'2017-08-17 11:14:18'),
(1259,'GLC 43 AMG',17200,NULL,NULL,'2017-08-17 11:14:18'),
(1260,'GLC 63 AMG',17200,NULL,NULL,'2017-08-17 11:14:18'),
(1261,'GLE-Klasse',17200,NULL,NULL,'2017-08-17 11:14:18'),
(1262,'GLE 250',17200,NULL,NULL,'2017-08-17 11:14:18'),
(1263,'GLE 350',17200,NULL,NULL,'2017-08-17 11:14:18'),
(1264,'GLE 400',17200,NULL,NULL,'2017-08-17 11:14:18'),
(1265,'GLE 43 AMG',17200,NULL,NULL,'2017-08-17 11:14:18'),
(1266,'GLE 450 AMG',17200,NULL,NULL,'2017-08-17 11:14:18'),
(1267,'GLE 500',17200,NULL,NULL,'2017-08-17 11:14:18'),
(1268,'GLE 63 AMG',17200,NULL,NULL,'2017-08-17 11:14:18'),
(1269,'GLK-Klasse',17200,NULL,NULL,'2017-08-17 11:14:18'),
(1270,'GLK 200',17200,NULL,NULL,'2017-08-17 11:14:18'),
(1271,'GLK 220',17200,NULL,NULL,'2017-08-17 11:14:18'),
(1272,'GLK 250',17200,NULL,NULL,'2017-08-17 11:14:18'),
(1273,'GLK 280',17200,NULL,NULL,'2017-08-17 11:14:18'),
(1274,'GLK 300',17200,NULL,NULL,'2017-08-17 11:14:18'),
(1275,'GLK 320',17200,NULL,NULL,'2017-08-17 11:14:18'),
(1276,'GLK 350',17200,NULL,NULL,'2017-08-17 11:14:18'),
(1277,'GL-Klasse',17200,NULL,NULL,'2017-08-17 11:14:18'),
(1278,'GL 320',17200,NULL,NULL,'2017-08-17 11:14:18'),
(1279,'GL 350',17200,NULL,NULL,'2017-08-17 11:14:18'),
(1280,'GL 400',17200,NULL,NULL,'2017-08-17 11:14:18'),
(1281,'GL 420',17200,NULL,NULL,'2017-08-17 11:14:18'),
(1282,'GL 450',17200,NULL,NULL,'2017-08-17 11:14:18'),
(1283,'GL 500',17200,NULL,NULL,'2017-08-17 11:14:18'),
(1284,'GL 55 AMG',17200,NULL,NULL,'2017-08-17 11:14:18'),
(1285,'GL 63 AMG',17200,NULL,NULL,'2017-08-17 11:14:18'),
(1286,'GLS-Klasse',17200,NULL,NULL,'2017-08-17 11:14:18'),
(1287,'GLS 350',17200,NULL,NULL,'2017-08-17 11:14:18'),
(1288,'GLS 400',17200,NULL,NULL,'2017-08-17 11:14:18'),
(1289,'GLS 500',17200,NULL,NULL,'2017-08-17 11:14:18'),
(1290,'GLS 63',17200,NULL,NULL,'2017-08-17 11:14:18'),
(1291,'GT-Klasse',17200,NULL,NULL,'2017-08-17 11:14:18'),
(1292,'AMG GT',17200,NULL,NULL,'2017-08-17 11:14:18'),
(1293,'AMG GT C',17200,NULL,NULL,'2017-08-17 11:14:18'),
(1294,'AMG GT R',17200,NULL,NULL,'2017-08-17 11:14:18'),
(1295,'AMG GT S',17200,NULL,NULL,'2017-08-17 11:14:18'),
(1296,'MB 100',17200,NULL,NULL,'2017-08-17 11:14:18'),
(1297,'ML-Klasse',17200,NULL,NULL,'2017-08-17 11:14:18'),
(1298,'ML 230',17200,NULL,NULL,'2017-08-17 11:14:18'),
(1299,'ML 250',17200,NULL,NULL,'2017-08-17 11:14:18'),
(1300,'ML 270',17200,NULL,NULL,'2017-08-17 11:14:18'),
(1301,'ML 280',17200,NULL,NULL,'2017-08-17 11:14:18'),
(1302,'ML 300',17200,NULL,NULL,'2017-08-17 11:14:18'),
(1303,'ML 320',17200,NULL,NULL,'2017-08-17 11:14:18'),
(1304,'ML 350',17200,NULL,NULL,'2017-08-17 11:14:18'),
(1305,'ML 400',17200,NULL,NULL,'2017-08-17 11:14:18'),
(1306,'ML 420',17200,NULL,NULL,'2017-08-17 11:14:18'),
(1307,'ML 430',17200,NULL,NULL,'2017-08-17 11:14:18'),
(1308,'ML 450',17200,NULL,NULL,'2017-08-17 11:14:18'),
(1309,'ML 500',17200,NULL,NULL,'2017-08-17 11:14:18'),
(1310,'ML 55 AMG',17200,NULL,NULL,'2017-08-17 11:14:18'),
(1311,'ML 63 AMG',17200,NULL,NULL,'2017-08-17 11:14:18'),
(1312,'R-Klasse',17200,NULL,NULL,'2017-08-17 11:14:18'),
(1313,'R 280',17200,NULL,NULL,'2017-08-17 11:14:18'),
(1314,'R 300',17200,NULL,NULL,'2017-08-17 11:14:18'),
(1315,'R 320',17200,NULL,NULL,'2017-08-17 11:14:18'),
(1316,'R 350',17200,NULL,NULL,'2017-08-17 11:14:18'),
(1317,'R 500',17200,NULL,NULL,'2017-08-17 11:14:18'),
(1318,'R 63 AMG',17200,NULL,NULL,'2017-08-17 11:14:18'),
(1319,'S-Klasse',17200,NULL,NULL,'2017-08-17 11:14:18'),
(1320,'S 250',17200,NULL,NULL,'2017-08-17 11:14:18'),
(1321,'S 260',17200,NULL,NULL,'2017-08-17 11:14:18'),
(1322,'S 280',17200,NULL,NULL,'2017-08-17 11:14:18'),
(1323,'S 300',17200,NULL,NULL,'2017-08-17 11:14:18'),
(1324,'S 320',17200,NULL,NULL,'2017-08-17 11:14:18'),
(1325,'S 350',17200,NULL,NULL,'2017-08-17 11:14:18'),
(1326,'S 400',17200,NULL,NULL,'2017-08-17 11:14:18'),
(1327,'S 420',17200,NULL,NULL,'2017-08-17 11:14:18'),
(1328,'S 430',17200,NULL,NULL,'2017-08-17 11:14:18'),
(1329,'S 450',17200,NULL,NULL,'2017-08-17 11:14:18'),
(1330,'S 500',17200,NULL,NULL,'2017-08-17 11:14:18'),
(1331,'S 55',17200,NULL,NULL,'2017-08-17 11:14:18'),
(1332,'S 550',17200,NULL,NULL,'2017-08-17 11:14:18'),
(1333,'S 600',17200,NULL,NULL,'2017-08-17 11:14:18'),
(1334,'S 63 AMG',17200,NULL,NULL,'2017-08-17 11:14:18'),
(1335,'S 65 AMG',17200,NULL,NULL,'2017-08-17 11:14:18'),
(1336,'SLC-Klasse',17200,NULL,NULL,'2017-08-17 11:14:18'),
(1337,'SLC 180',17200,NULL,NULL,'2017-08-17 11:14:18'),
(1338,'SLC 200',17200,NULL,NULL,'2017-08-17 11:14:18'),
(1339,'SLC 250',17200,NULL,NULL,'2017-08-17 11:14:18'),
(1340,'SLC 300',17200,NULL,NULL,'2017-08-17 11:14:18'),
(1341,'SLC 43 AMG',17200,NULL,NULL,'2017-08-17 11:14:18'),
(1342,'SLK-Klasse',17200,NULL,NULL,'2017-08-17 11:14:18'),
(1343,'SLK 200',17200,NULL,NULL,'2017-08-17 11:14:18'),
(1344,'SLK 230',17200,NULL,NULL,'2017-08-17 11:14:18'),
(1345,'SLK 250',17200,NULL,NULL,'2017-08-17 11:14:18'),
(1346,'SLK 280',17200,NULL,NULL,'2017-08-17 11:14:18'),
(1347,'SLK 300',17200,NULL,NULL,'2017-08-17 11:14:18'),
(1348,'SLK 320',17200,NULL,NULL,'2017-08-17 11:14:18'),
(1349,'SLK 32 AMG',17200,NULL,NULL,'2017-08-17 11:14:18'),
(1350,'SLK 350',17200,NULL,NULL,'2017-08-17 11:14:18'),
(1351,'SLK 55 AMG',17200,NULL,NULL,'2017-08-17 11:14:18'),
(1352,'SL-Klasse',17200,NULL,NULL,'2017-08-17 11:14:18'),
(1353,'SL 280',17200,NULL,NULL,'2017-08-17 11:14:18'),
(1354,'SL 300',17200,NULL,NULL,'2017-08-17 11:14:18'),
(1355,'SL 320',17200,NULL,NULL,'2017-08-17 11:14:18'),
(1356,'SL 350',17200,NULL,NULL,'2017-08-17 11:14:18'),
(1357,'SL 380',17200,NULL,NULL,'2017-08-17 11:14:18'),
(1358,'SL 400',17200,NULL,NULL,'2017-08-17 11:14:18'),
(1359,'SL 420',17200,NULL,NULL,'2017-08-17 11:14:18'),
(1360,'SL 450',17200,NULL,NULL,'2017-08-17 11:14:18'),
(1361,'SL 500',17200,NULL,NULL,'2017-08-17 11:14:18'),
(1362,'SL 55 AMG',17200,NULL,NULL,'2017-08-17 11:14:18'),
(1363,'SL 560',17200,NULL,NULL,'2017-08-17 11:14:18'),
(1364,'SL 600',17200,NULL,NULL,'2017-08-17 11:14:18'),
(1365,'SL 60 AMG',17200,NULL,NULL,'2017-08-17 11:14:18'),
(1366,'SL 63 AMG',17200,NULL,NULL,'2017-08-17 11:14:18'),
(1367,'SL 65 AMG',17200,NULL,NULL,'2017-08-17 11:14:18'),
(1368,'SL 70 AMG',17200,NULL,NULL,'2017-08-17 11:14:18'),
(1369,'SL 73 AMG',17200,NULL,NULL,'2017-08-17 11:14:18'),
(1370,'SLR',17200,NULL,NULL,'2017-08-17 11:14:18'),
(1371,'SLS AMG',17200,NULL,NULL,'2017-08-17 11:14:18'),
(1372,'Sprinter',17200,NULL,NULL,'2017-08-17 11:14:18'),
(1373,'Vaneo',17200,NULL,NULL,'2017-08-17 11:14:18'),
(1374,'Vario',17200,NULL,NULL,'2017-08-17 11:14:18'),
(1375,'Viano',17200,NULL,NULL,'2017-08-17 11:14:18'),
(1376,'Vito',17200,NULL,NULL,'2017-08-17 11:14:18'),
(1377,'V-Klasse',17200,NULL,NULL,'2017-08-17 11:14:18'),
(1378,'V 200',17200,NULL,NULL,'2017-08-17 11:14:18'),
(1379,'V 220',17200,NULL,NULL,'2017-08-17 11:14:18'),
(1380,'V 230',17200,NULL,NULL,'2017-08-17 11:14:18'),
(1381,'V 250',17200,NULL,NULL,'2017-08-17 11:14:18'),
(1382,'V 280',17200,NULL,NULL,'2017-08-17 11:14:18'),
(1383,'Other',17200,NULL,NULL,'2017-08-17 11:14:18'),
(1384,'MGA',17300,NULL,NULL,'2017-08-17 11:14:18'),
(1385,'MGB',17300,NULL,NULL,'2017-08-17 11:14:18'),
(1386,'MGF',17300,NULL,NULL,'2017-08-17 11:14:18'),
(1387,'Midget',17300,NULL,NULL,'2017-08-17 11:14:18'),
(1388,'Montego',17300,NULL,NULL,'2017-08-17 11:14:18'),
(1389,'TD',17300,NULL,NULL,'2017-08-17 11:14:18'),
(1390,'TF',17300,NULL,NULL,'2017-08-17 11:14:18'),
(1391,'ZR',17300,NULL,NULL,'2017-08-17 11:14:18'),
(1392,'ZS',17300,NULL,NULL,'2017-08-17 11:14:18'),
(1393,'ZT',17300,NULL,NULL,'2017-08-17 11:14:18'),
(1394,'Other',17300,NULL,NULL,'2017-08-17 11:14:18'),
(1395,'DUÈ',30011,NULL,NULL,'2017-08-17 11:14:18'),
(1396,'Flex',30011,NULL,NULL,'2017-08-17 11:14:18'),
(1397,'M.Go',30011,NULL,NULL,'2017-08-17 11:14:18'),
(1398,'M.GO',30011,NULL,NULL,'2017-08-17 11:14:18'),
(1399,'M-8',30011,NULL,NULL,'2017-08-17 11:14:18'),
(1400,'MC1',30011,NULL,NULL,'2017-08-17 11:14:18'),
(1401,'MC2',30011,NULL,NULL,'2017-08-17 11:14:18'),
(1402,'Virgo',30011,NULL,NULL,'2017-08-17 11:14:18'),
(1403,'Other',30011,NULL,NULL,'2017-08-17 11:14:18'),
(1404,'Cabrio Series',17500,NULL,NULL,'2017-08-17 11:14:18'),
(1405,'Cooper Cabrio',17500,NULL,NULL,'2017-08-17 11:14:18'),
(1406,'Cooper D Cabrio',17500,NULL,NULL,'2017-08-17 11:14:18'),
(1407,'Cooper S Cabrio',17500,NULL,NULL,'2017-08-17 11:14:18'),
(1408,'Cooper SD Cabrio',17500,NULL,NULL,'2017-08-17 11:14:18'),
(1409,'John Cooper Works Cabrio',17500,NULL,NULL,'2017-08-17 11:14:18'),
(1410,'One Cabrio',17500,NULL,NULL,'2017-08-17 11:14:18'),
(1411,'Clubman Series',17500,NULL,NULL,'2017-08-17 11:14:18'),
(1412,'Cooper Clubman',17500,NULL,NULL,'2017-08-17 11:14:18'),
(1413,'Cooper D Clubman',17500,NULL,NULL,'2017-08-17 11:14:18'),
(1414,'Cooper S Clubman',17500,NULL,NULL,'2017-08-17 11:14:18'),
(1415,'Cooper SD Clubman',17500,NULL,NULL,'2017-08-17 11:14:18'),
(1416,'John Cooper Works Clubman',17500,NULL,NULL,'2017-08-17 11:14:18'),
(1417,'One Clubman',17500,NULL,NULL,'2017-08-17 11:14:18'),
(1418,'One D Clubman',17500,NULL,NULL,'2017-08-17 11:14:18'),
(1419,'Clubvan',17500,NULL,NULL,'2017-08-17 11:14:18'),
(1420,'Countryman Series',17500,NULL,NULL,'2017-08-17 11:14:18'),
(1421,'Cooper Countryman',17500,NULL,NULL,'2017-08-17 11:14:18'),
(1422,'Cooper D Countryman',17500,NULL,NULL,'2017-08-17 11:14:18'),
(1423,'Cooper S Countryman',17500,NULL,NULL,'2017-08-17 11:14:18'),
(1424,'Cooper SD Countryman',17500,NULL,NULL,'2017-08-17 11:14:18'),
(1425,'John Cooper Works Countryman',17500,NULL,NULL,'2017-08-17 11:14:18'),
(1426,'One Countryman',17500,NULL,NULL,'2017-08-17 11:14:18'),
(1427,'One D Countryman',17500,NULL,NULL,'2017-08-17 11:14:18'),
(1428,'Coupe Series',17500,NULL,NULL,'2017-08-17 11:14:18'),
(1429,'Cooper Coupé',17500,NULL,NULL,'2017-08-17 11:14:18'),
(1430,'Cooper S Coupé',17500,NULL,NULL,'2017-08-17 11:14:18'),
(1431,'Cooper SD Coupé',17500,NULL,NULL,'2017-08-17 11:14:18'),
(1432,'John Cooper Works Coupé',17500,NULL,NULL,'2017-08-17 11:14:18'),
(1433,'MINI',17500,NULL,NULL,'2017-08-17 11:14:18'),
(1434,'1000',17500,NULL,NULL,'2017-08-17 11:14:18'),
(1435,'1300',17500,NULL,NULL,'2017-08-17 11:14:18'),
(1436,'Cooper',17500,NULL,NULL,'2017-08-17 11:14:18'),
(1437,'Cooper D',17500,NULL,NULL,'2017-08-17 11:14:18'),
(1438,'Cooper S',17500,NULL,NULL,'2017-08-17 11:14:18'),
(1439,'Cooper SD',17500,NULL,NULL,'2017-08-17 11:14:18'),
(1440,'John Cooper Works',17500,NULL,NULL,'2017-08-17 11:14:18'),
(1441,'ONE',17500,NULL,NULL,'2017-08-17 11:14:18'),
(1442,'One D',17500,NULL,NULL,'2017-08-17 11:14:18'),
(1443,'One First',17500,NULL,NULL,'2017-08-17 11:14:18'),
(1444,'Paceman Series',17500,NULL,NULL,'2017-08-17 11:14:18'),
(1445,'Cooper D Paceman',17500,NULL,NULL,'2017-08-17 11:14:18'),
(1446,'Cooper Paceman',17500,NULL,NULL,'2017-08-17 11:14:18'),
(1447,'Cooper SD Paceman',17500,NULL,NULL,'2017-08-17 11:14:18'),
(1448,'Cooper S Paceman',17500,NULL,NULL,'2017-08-17 11:14:18'),
(1449,'John Cooper Works Paceman',17500,NULL,NULL,'2017-08-17 11:14:18'),
(1450,'Roadster Series',17500,NULL,NULL,'2017-08-17 11:14:18'),
(1451,'Cooper Roadster',17500,NULL,NULL,'2017-08-17 11:14:18'),
(1452,'Cooper SD Roadster',17500,NULL,NULL,'2017-08-17 11:14:18'),
(1453,'Cooper S Roadster',17500,NULL,NULL,'2017-08-17 11:14:18'),
(1454,'John Cooper Works Roadster',17500,NULL,NULL,'2017-08-17 11:14:18'),
(1455,'Other',17500,NULL,NULL,'2017-08-17 11:14:18'),
(1456,'3000 GT',17700,NULL,NULL,'2017-08-17 11:14:18'),
(1457,'ASX',17700,NULL,NULL,'2017-08-17 11:14:18'),
(1458,'Canter',17700,NULL,NULL,'2017-08-17 11:14:18'),
(1459,'Carisma',17700,NULL,NULL,'2017-08-17 11:14:18'),
(1460,'Colt',17700,NULL,NULL,'2017-08-17 11:14:18'),
(1461,'Cordia',17700,NULL,NULL,'2017-08-17 11:14:18'),
(1462,'Cosmos',17700,NULL,NULL,'2017-08-17 11:14:18'),
(1463,'Diamante',17700,NULL,NULL,'2017-08-17 11:14:18'),
(1464,'Eclipse',17700,NULL,NULL,'2017-08-17 11:14:18'),
(1465,'Electric Vehicle (i-MiEV)',17700,NULL,NULL,'2017-08-17 11:14:18'),
(1466,'Galant',17700,NULL,NULL,'2017-08-17 11:14:18'),
(1467,'Galloper',17700,NULL,NULL,'2017-08-17 11:14:18'),
(1468,'Grandis',17700,NULL,NULL,'2017-08-17 11:14:18'),
(1469,'L200',17700,NULL,NULL,'2017-08-17 11:14:18'),
(1470,'L300',17700,NULL,NULL,'2017-08-17 11:14:18'),
(1471,'L400',17700,NULL,NULL,'2017-08-17 11:14:18'),
(1472,'Lancer',17700,NULL,NULL,'2017-08-17 11:14:18'),
(1473,'Mirage',17700,NULL,NULL,'2017-08-17 11:14:18'),
(1474,'Montero',17700,NULL,NULL,'2017-08-17 11:14:18'),
(1475,'Outlander',17700,NULL,NULL,'2017-08-17 11:14:18'),
(1476,'Pajero',17700,NULL,NULL,'2017-08-17 11:14:18'),
(1477,'Pajero Pinin',17700,NULL,NULL,'2017-08-17 11:14:18'),
(1478,'Pick-up',17700,NULL,NULL,'2017-08-17 11:14:18'),
(1479,'Plug-in Hybrid Outlander',17700,NULL,NULL,'2017-08-17 11:14:18'),
(1480,'Santamo',17700,NULL,NULL,'2017-08-17 11:14:18'),
(1481,'Sapporo',17700,NULL,NULL,'2017-08-17 11:14:18'),
(1482,'Sigma',17700,NULL,NULL,'2017-08-17 11:14:18'),
(1483,'Space Gear',17700,NULL,NULL,'2017-08-17 11:14:18'),
(1484,'Space Runner',17700,NULL,NULL,'2017-08-17 11:14:18'),
(1485,'Space Star',17700,NULL,NULL,'2017-08-17 11:14:18'),
(1486,'Space Wagon',17700,NULL,NULL,'2017-08-17 11:14:18'),
(1487,'Starion',17700,NULL,NULL,'2017-08-17 11:14:18'),
(1488,'Tredia',17700,NULL,NULL,'2017-08-17 11:14:18'),
(1489,'Other',17700,NULL,NULL,'2017-08-17 11:14:18'),
(1490,'4/4',17900,NULL,NULL,'2017-08-17 11:14:18'),
(1491,'Aero 8',17900,NULL,NULL,'2017-08-17 11:14:18'),
(1492,'Plus 4',17900,NULL,NULL,'2017-08-17 11:14:18'),
(1493,'Plus 8',17900,NULL,NULL,'2017-08-17 11:14:18'),
(1494,'Roadster',17900,NULL,NULL,'2017-08-17 11:14:18'),
(1495,'Other',17900,NULL,NULL,'2017-08-17 11:14:18'),
(1496,'100 NX',18700,NULL,NULL,'2017-08-17 11:14:18'),
(1497,'200 SX',18700,NULL,NULL,'2017-08-17 11:14:18'),
(1498,'240 SX',18700,NULL,NULL,'2017-08-17 11:14:18'),
(1499,'280 ZX',18700,NULL,NULL,'2017-08-17 11:14:18'),
(1500,'300 ZX',18700,NULL,NULL,'2017-08-17 11:14:18'),
(1501,'350Z',18700,NULL,NULL,'2017-08-17 11:14:18'),
(1502,'370Z',18700,NULL,NULL,'2017-08-17 11:14:18'),
(1503,'Almera',18700,NULL,NULL,'2017-08-17 11:14:18'),
(1504,'Almera Tino',18700,NULL,NULL,'2017-08-17 11:14:18'),
(1505,'Altima',18700,NULL,NULL,'2017-08-17 11:14:18'),
(1506,'Armada',18700,NULL,NULL,'2017-08-17 11:14:18'),
(1507,'Bluebird',18700,NULL,NULL,'2017-08-17 11:14:18'),
(1508,'Cabstar',18700,NULL,NULL,'2017-08-17 11:14:18'),
(1509,'Cargo',18700,NULL,NULL,'2017-08-17 11:14:18'),
(1510,'Cherry',18700,NULL,NULL,'2017-08-17 11:14:18'),
(1511,'Cube',18700,NULL,NULL,'2017-08-17 11:14:18'),
(1512,'e-NV200',18700,NULL,NULL,'2017-08-17 11:14:18'),
(1513,'Evalia',18700,NULL,NULL,'2017-08-17 11:14:18'),
(1514,'Frontier',18700,NULL,NULL,'2017-08-17 11:14:18'),
(1515,'GT-R',18700,NULL,NULL,'2017-08-17 11:14:18'),
(1516,'Interstar',18700,NULL,NULL,'2017-08-17 11:14:18'),
(1517,'Juke',18700,NULL,NULL,'2017-08-17 11:14:18'),
(1518,'King Cab',18700,NULL,NULL,'2017-08-17 11:14:18'),
(1519,'Kubistar',18700,NULL,NULL,'2017-08-17 11:14:18'),
(1520,'Laurel',18700,NULL,NULL,'2017-08-17 11:14:18'),
(1521,'Leaf',18700,NULL,NULL,'2017-08-17 11:14:18'),
(1522,'Maxima',18700,NULL,NULL,'2017-08-17 11:14:18'),
(1523,'Micra',18700,NULL,NULL,'2017-08-17 11:14:18'),
(1524,'Murano',18700,NULL,NULL,'2017-08-17 11:14:18'),
(1525,'Navara',18700,NULL,NULL,'2017-08-17 11:14:18'),
(1526,'Note',18700,NULL,NULL,'2017-08-17 11:14:18'),
(1527,'NP 300',18700,NULL,NULL,'2017-08-17 11:14:18'),
(1528,'NV200',18700,NULL,NULL,'2017-08-17 11:14:18'),
(1529,'NV300',18700,NULL,NULL,'2017-08-17 11:14:18'),
(1530,'NV400',18700,NULL,NULL,'2017-08-17 11:14:18'),
(1531,'Pathfinder',18700,NULL,NULL,'2017-08-17 11:14:18'),
(1532,'Patrol',18700,NULL,NULL,'2017-08-17 11:14:18'),
(1533,'PickUp',18700,NULL,NULL,'2017-08-17 11:14:18'),
(1534,'Pixo',18700,NULL,NULL,'2017-08-17 11:14:18'),
(1535,'Prairie',18700,NULL,NULL,'2017-08-17 11:14:18'),
(1536,'Primastar',18700,NULL,NULL,'2017-08-17 11:14:18'),
(1537,'Primera',18700,NULL,NULL,'2017-08-17 11:14:18'),
(1538,'Pulsar',18700,NULL,NULL,'2017-08-17 11:14:18'),
(1539,'Qashqai',18700,NULL,NULL,'2017-08-17 11:14:18'),
(1540,'Qashqai+2',18700,NULL,NULL,'2017-08-17 11:14:18'),
(1541,'Quest',18700,NULL,NULL,'2017-08-17 11:14:18'),
(1542,'Sentra',18700,NULL,NULL,'2017-08-17 11:14:18'),
(1543,'Serena',18700,NULL,NULL,'2017-08-17 11:14:18'),
(1544,'Silvia',18700,NULL,NULL,'2017-08-17 11:14:18'),
(1545,'Skyline',18700,NULL,NULL,'2017-08-17 11:14:18'),
(1546,'Sunny',18700,NULL,NULL,'2017-08-17 11:14:18'),
(1547,'Terrano',18700,NULL,NULL,'2017-08-17 11:14:18'),
(1548,'Tiida',18700,NULL,NULL,'2017-08-17 11:14:18'),
(1549,'Titan',18700,NULL,NULL,'2017-08-17 11:14:18'),
(1550,'Trade',18700,NULL,NULL,'2017-08-17 11:14:18'),
(1551,'Urvan',18700,NULL,NULL,'2017-08-17 11:14:18'),
(1552,'Vanette',18700,NULL,NULL,'2017-08-17 11:14:18'),
(1553,'X-Trail',18700,NULL,NULL,'2017-08-17 11:14:18'),
(1554,'Other',18700,NULL,NULL,'2017-08-17 11:14:18'),
(1555,'Other',18875,NULL,NULL,'2017-08-17 11:14:18'),
(1556,'Bravada',18975,NULL,NULL,'2017-08-17 11:14:18'),
(1557,'Custom Cruiser',18975,NULL,NULL,'2017-08-17 11:14:18'),
(1558,'Cutlass',18975,NULL,NULL,'2017-08-17 11:14:18'),
(1559,'Delta 88',18975,NULL,NULL,'2017-08-17 11:14:18'),
(1560,'Silhouette',18975,NULL,NULL,'2017-08-17 11:14:18'),
(1561,'Supreme',18975,NULL,NULL,'2017-08-17 11:14:18'),
(1562,'Toronado',18975,NULL,NULL,'2017-08-17 11:14:18'),
(1563,'Other',18975,NULL,NULL,'2017-08-17 11:14:18'),
(1564,'Adam',19000,NULL,NULL,'2017-08-17 11:14:18'),
(1565,'Agila',19000,NULL,NULL,'2017-08-17 11:14:18'),
(1566,'Ampera',19000,NULL,NULL,'2017-08-17 11:14:18'),
(1567,'Antara',19000,NULL,NULL,'2017-08-17 11:14:18'),
(1568,'Arena',19000,NULL,NULL,'2017-08-17 11:14:18'),
(1569,'Ascona',19000,NULL,NULL,'2017-08-17 11:14:18'),
(1570,'Astra',19000,NULL,NULL,'2017-08-17 11:14:18'),
(1571,'Calibra',19000,NULL,NULL,'2017-08-17 11:14:18'),
(1572,'Campo',19000,NULL,NULL,'2017-08-17 11:14:18'),
(1573,'Cascada',19000,NULL,NULL,'2017-08-17 11:14:18'),
(1574,'Cavalier',19000,NULL,NULL,'2017-08-17 11:14:18'),
(1575,'Combo',19000,NULL,NULL,'2017-08-17 11:14:18'),
(1576,'Commodore',19000,NULL,NULL,'2017-08-17 11:14:18'),
(1577,'Corsa',19000,NULL,NULL,'2017-08-17 11:14:18'),
(1578,'Crossland X',19000,NULL,NULL,'2017-08-17 11:14:18'),
(1579,'Diplomat',19000,NULL,NULL,'2017-08-17 11:14:18'),
(1580,'Frontera',19000,NULL,NULL,'2017-08-17 11:14:18'),
(1581,'Grandland X',19000,NULL,NULL,'2017-08-17 11:14:18'),
(1582,'GT',19000,NULL,NULL,'2017-08-17 11:14:18'),
(1583,'Insignia',19000,NULL,NULL,'2017-08-17 11:14:18'),
(1584,'Insignia CT',19000,NULL,NULL,'2017-08-17 11:14:18'),
(1585,'Kadett',19000,NULL,NULL,'2017-08-17 11:14:18'),
(1586,'Karl',19000,NULL,NULL,'2017-08-17 11:14:18'),
(1587,'Manta',19000,NULL,NULL,'2017-08-17 11:14:18'),
(1588,'Meriva',19000,NULL,NULL,'2017-08-17 11:14:18'),
(1589,'Mokka',19000,NULL,NULL,'2017-08-17 11:14:18'),
(1590,'Monterey',19000,NULL,NULL,'2017-08-17 11:14:18'),
(1591,'Monza',19000,NULL,NULL,'2017-08-17 11:14:18'),
(1592,'Movano',19000,NULL,NULL,'2017-08-17 11:14:18'),
(1593,'Nova',19000,NULL,NULL,'2017-08-17 11:14:18'),
(1594,'Omega',19000,NULL,NULL,'2017-08-17 11:14:18'),
(1595,'Pick Up Sportscap',19000,NULL,NULL,'2017-08-17 11:14:18'),
(1596,'Rekord',19000,NULL,NULL,'2017-08-17 11:14:18'),
(1597,'Senator',19000,NULL,NULL,'2017-08-17 11:14:18'),
(1598,'Signum',19000,NULL,NULL,'2017-08-17 11:14:18'),
(1599,'Sintra',19000,NULL,NULL,'2017-08-17 11:14:18'),
(1600,'Speedster',19000,NULL,NULL,'2017-08-17 11:14:18'),
(1601,'Tigra',19000,NULL,NULL,'2017-08-17 11:14:18'),
(1602,'Vectra',19000,NULL,NULL,'2017-08-17 11:14:18'),
(1603,'Vivaro',19000,NULL,NULL,'2017-08-17 11:14:18'),
(1604,'Zafira',19000,NULL,NULL,'2017-08-17 11:14:18'),
(1605,'Zafira Tourer',19000,NULL,NULL,'2017-08-17 11:14:18'),
(1606,'Other',19000,NULL,NULL,'2017-08-17 11:14:18'),
(1607,'Huayra',149,NULL,NULL,'2017-08-17 11:14:18'),
(1608,'Zonda',149,NULL,NULL,'2017-08-17 11:14:18'),
(1609,'Other',149,NULL,NULL,'2017-08-17 11:14:18'),
(1610,'1007',19300,NULL,NULL,'2017-08-17 11:14:18'),
(1611,'104',19300,NULL,NULL,'2017-08-17 11:14:18'),
(1612,'106',19300,NULL,NULL,'2017-08-17 11:14:18'),
(1613,'107',19300,NULL,NULL,'2017-08-17 11:14:18'),
(1614,'108',19300,NULL,NULL,'2017-08-17 11:14:18'),
(1615,'2008',19300,NULL,NULL,'2017-08-17 11:14:18'),
(1616,'204',19300,NULL,NULL,'2017-08-17 11:14:18'),
(1617,'205',19300,NULL,NULL,'2017-08-17 11:14:18'),
(1618,'206',19300,NULL,NULL,'2017-08-17 11:14:18'),
(1619,'207',19300,NULL,NULL,'2017-08-17 11:14:18'),
(1620,'208',19300,NULL,NULL,'2017-08-17 11:14:18'),
(1621,'3008',19300,NULL,NULL,'2017-08-17 11:14:18'),
(1622,'301',19300,NULL,NULL,'2017-08-17 11:14:18'),
(1623,'304',19300,NULL,NULL,'2017-08-17 11:14:18'),
(1624,'305',19300,NULL,NULL,'2017-08-17 11:14:18'),
(1625,'306',19300,NULL,NULL,'2017-08-17 11:14:18'),
(1626,'307',19300,NULL,NULL,'2017-08-17 11:14:18'),
(1627,'308',19300,NULL,NULL,'2017-08-17 11:14:18'),
(1628,'309',19300,NULL,NULL,'2017-08-17 11:14:18'),
(1629,'4007',19300,NULL,NULL,'2017-08-17 11:14:18'),
(1630,'4008',19300,NULL,NULL,'2017-08-17 11:14:18'),
(1631,'404',19300,NULL,NULL,'2017-08-17 11:14:18'),
(1632,'405',19300,NULL,NULL,'2017-08-17 11:14:18'),
(1633,'406',19300,NULL,NULL,'2017-08-17 11:14:18'),
(1634,'407',19300,NULL,NULL,'2017-08-17 11:14:18'),
(1635,'5008',19300,NULL,NULL,'2017-08-17 11:14:18'),
(1636,'504',19300,NULL,NULL,'2017-08-17 11:14:18'),
(1637,'505',19300,NULL,NULL,'2017-08-17 11:14:18'),
(1638,'508',19300,NULL,NULL,'2017-08-17 11:14:18'),
(1639,'604',19300,NULL,NULL,'2017-08-17 11:14:18'),
(1640,'605',19300,NULL,NULL,'2017-08-17 11:14:18'),
(1641,'607',19300,NULL,NULL,'2017-08-17 11:14:18'),
(1642,'806',19300,NULL,NULL,'2017-08-17 11:14:18'),
(1643,'807',19300,NULL,NULL,'2017-08-17 11:14:18'),
(1644,'Bipper',19300,NULL,NULL,'2017-08-17 11:14:18'),
(1645,'Bipper Tepee',19300,NULL,NULL,'2017-08-17 11:14:18'),
(1646,'Boxer',19300,NULL,NULL,'2017-08-17 11:14:18'),
(1647,'Expert',19300,NULL,NULL,'2017-08-17 11:14:18'),
(1648,'Expert Tepee',19300,NULL,NULL,'2017-08-17 11:14:18'),
(1649,'iOn',19300,NULL,NULL,'2017-08-17 11:14:18'),
(1650,'J5',19300,NULL,NULL,'2017-08-17 11:14:18'),
(1651,'Partner',19300,NULL,NULL,'2017-08-17 11:14:18'),
(1652,'Partner Tepee',19300,NULL,NULL,'2017-08-17 11:14:18'),
(1653,'RCZ',19300,NULL,NULL,'2017-08-17 11:14:18'),
(1654,'TePee',19300,NULL,NULL,'2017-08-17 11:14:18'),
(1655,'Traveller',19300,NULL,NULL,'2017-08-17 11:14:18'),
(1656,'Other',19300,NULL,NULL,'2017-08-17 11:14:18'),
(1657,'APE',19600,NULL,NULL,'2017-08-17 11:14:18'),
(1658,'APE TM',19600,NULL,NULL,'2017-08-17 11:14:18'),
(1659,'Porter',19600,NULL,NULL,'2017-08-17 11:14:18'),
(1660,'Other',19600,NULL,NULL,'2017-08-17 11:14:18'),
(1661,'Prowler',19800,NULL,NULL,'2017-08-17 11:14:18'),
(1662,'Other',19800,NULL,NULL,'2017-08-17 11:14:18'),
(1663,'6000',20000,NULL,NULL,'2017-08-17 11:14:18'),
(1664,'Bonneville',20000,NULL,NULL,'2017-08-17 11:14:18'),
(1665,'Fiero',20000,NULL,NULL,'2017-08-17 11:14:18'),
(1666,'Firebird',20000,NULL,NULL,'2017-08-17 11:14:18'),
(1667,'G6',20000,NULL,NULL,'2017-08-17 11:14:18'),
(1668,'Grand-Am',20000,NULL,NULL,'2017-08-17 11:14:18'),
(1669,'Grand-Prix',20000,NULL,NULL,'2017-08-17 11:14:18'),
(1670,'GTO',20000,NULL,NULL,'2017-08-17 11:14:18'),
(1671,'Montana',20000,NULL,NULL,'2017-08-17 11:14:18'),
(1672,'Solstice',20000,NULL,NULL,'2017-08-17 11:14:18'),
(1673,'Sunbird',20000,NULL,NULL,'2017-08-17 11:14:18'),
(1674,'Sunfire',20000,NULL,NULL,'2017-08-17 11:14:18'),
(1675,'Targa',20000,NULL,NULL,'2017-08-17 11:14:18'),
(1676,'Trans Am',20000,NULL,NULL,'2017-08-17 11:14:18'),
(1677,'Trans Sport',20000,NULL,NULL,'2017-08-17 11:14:18'),
(1678,'Vibe',20000,NULL,NULL,'2017-08-17 11:14:18'),
(1679,'Other',20000,NULL,NULL,'2017-08-17 11:14:18'),
(1680,'356',20100,NULL,NULL,'2017-08-17 11:14:18'),
(1681,'912',20100,NULL,NULL,'2017-08-17 11:14:18'),
(1682,'914',20100,NULL,NULL,'2017-08-17 11:14:18'),
(1683,'918',20100,NULL,NULL,'2017-08-17 11:14:18'),
(1684,'924',20100,NULL,NULL,'2017-08-17 11:14:18'),
(1685,'928',20100,NULL,NULL,'2017-08-17 11:14:18'),
(1686,'944',20100,NULL,NULL,'2017-08-17 11:14:18'),
(1687,'959',20100,NULL,NULL,'2017-08-17 11:14:18'),
(1688,'962',20100,NULL,NULL,'2017-08-17 11:14:18'),
(1689,'968',20100,NULL,NULL,'2017-08-17 11:14:18'),
(1690,'Boxster',20100,NULL,NULL,'2017-08-17 11:14:18'),
(1691,'Carrera GT',20100,NULL,NULL,'2017-08-17 11:14:18'),
(1692,'Cayenne',20100,NULL,NULL,'2017-08-17 11:14:18'),
(1693,'Cayman',20100,NULL,NULL,'2017-08-17 11:14:18'),
(1694,'Macan',20100,NULL,NULL,'2017-08-17 11:14:18'),
(1695,'Panamera',20100,NULL,NULL,'2017-08-17 11:14:18'),
(1696,'Series 911',20100,NULL,NULL,'2017-08-17 11:14:18'),
(1697,'911 Urmodell',20100,NULL,NULL,'2017-08-17 11:14:18'),
(1698,'930',20100,NULL,NULL,'2017-08-17 11:14:18'),
(1699,'964',20100,NULL,NULL,'2017-08-17 11:14:18'),
(1700,'991',20100,NULL,NULL,'2017-08-17 11:14:18'),
(1701,'993',20100,NULL,NULL,'2017-08-17 11:14:18'),
(1702,'996',20100,NULL,NULL,'2017-08-17 11:14:18'),
(1703,'997',20100,NULL,NULL,'2017-08-17 11:14:18'),
(1704,'Other',20100,NULL,NULL,'2017-08-17 11:14:18'),
(1705,'300 Serie',20200,NULL,NULL,'2017-08-17 11:14:18'),
(1706,'400 Serie',20200,NULL,NULL,'2017-08-17 11:14:18'),
(1707,'Other',20200,NULL,NULL,'2017-08-17 11:14:18'),
(1708,'Alpine A110',20700,NULL,NULL,'2017-08-17 11:14:18'),
(1709,'Alpine A310',20700,NULL,NULL,'2017-08-17 11:14:18'),
(1710,'Alpine V6',20700,NULL,NULL,'2017-08-17 11:14:18'),
(1711,'Avantime',20700,NULL,NULL,'2017-08-17 11:14:18'),
(1712,'Captur',20700,NULL,NULL,'2017-08-17 11:14:18'),
(1713,'Clio',20700,NULL,NULL,'2017-08-17 11:14:18'),
(1714,'Coupe',20700,NULL,NULL,'2017-08-17 11:14:18'),
(1715,'Espace',20700,NULL,NULL,'2017-08-17 11:14:18'),
(1716,'Express',20700,NULL,NULL,'2017-08-17 11:14:18'),
(1717,'Fluence',20700,NULL,NULL,'2017-08-17 11:14:18'),
(1718,'Fuego',20700,NULL,NULL,'2017-08-17 11:14:18'),
(1719,'Grand Espace',20700,NULL,NULL,'2017-08-17 11:14:18'),
(1720,'Grand Modus',20700,NULL,NULL,'2017-08-17 11:14:18'),
(1721,'Grand Scenic',20700,NULL,NULL,'2017-08-17 11:14:18'),
(1722,'Kadjar',20700,NULL,NULL,'2017-08-17 11:14:18'),
(1723,'Kangoo',20700,NULL,NULL,'2017-08-17 11:14:18'),
(1724,'Koleos',20700,NULL,NULL,'2017-08-17 11:14:18'),
(1725,'Laguna',20700,NULL,NULL,'2017-08-17 11:14:18'),
(1726,'Latitude',20700,NULL,NULL,'2017-08-17 11:14:18'),
(1727,'Mascott',20700,NULL,NULL,'2017-08-17 11:14:18'),
(1728,'Master',20700,NULL,NULL,'2017-08-17 11:14:18'),
(1729,'Megane',20700,NULL,NULL,'2017-08-17 11:14:18'),
(1730,'Modus',20700,NULL,NULL,'2017-08-17 11:14:18'),
(1731,'P 1400',20700,NULL,NULL,'2017-08-17 11:14:18'),
(1732,'R 11',20700,NULL,NULL,'2017-08-17 11:14:18'),
(1733,'R 14',20700,NULL,NULL,'2017-08-17 11:14:18'),
(1734,'R 18',20700,NULL,NULL,'2017-08-17 11:14:18'),
(1735,'R 19',20700,NULL,NULL,'2017-08-17 11:14:18'),
(1736,'R 20',20700,NULL,NULL,'2017-08-17 11:14:18'),
(1737,'R 21',20700,NULL,NULL,'2017-08-17 11:14:18'),
(1738,'R 25',20700,NULL,NULL,'2017-08-17 11:14:18'),
(1739,'R 30',20700,NULL,NULL,'2017-08-17 11:14:18'),
(1740,'R 4',20700,NULL,NULL,'2017-08-17 11:14:18'),
(1741,'R 5',20700,NULL,NULL,'2017-08-17 11:14:18'),
(1742,'R 6',20700,NULL,NULL,'2017-08-17 11:14:18'),
(1743,'R 9',20700,NULL,NULL,'2017-08-17 11:14:18'),
(1744,'Rapid',20700,NULL,NULL,'2017-08-17 11:14:18'),
(1745,'Safrane',20700,NULL,NULL,'2017-08-17 11:14:18'),
(1746,'Scenic',20700,NULL,NULL,'2017-08-17 11:14:18'),
(1747,'Spider',20700,NULL,NULL,'2017-08-17 11:14:18'),
(1748,'Talisman',20700,NULL,NULL,'2017-08-17 11:14:18'),
(1749,'Trafic',20700,NULL,NULL,'2017-08-17 11:14:18'),
(1750,'Twingo',20700,NULL,NULL,'2017-08-17 11:14:18'),
(1751,'Twizy',20700,NULL,NULL,'2017-08-17 11:14:18'),
(1752,'Vel Satis',20700,NULL,NULL,'2017-08-17 11:14:18'),
(1753,'Wind',20700,NULL,NULL,'2017-08-17 11:14:18'),
(1754,'ZOE',20700,NULL,NULL,'2017-08-17 11:14:18'),
(1755,'Other',20700,NULL,NULL,'2017-08-17 11:14:18'),
(1756,'Corniche',21600,NULL,NULL,'2017-08-17 11:14:18'),
(1757,'Dawn',21600,NULL,NULL,'2017-08-17 11:14:18'),
(1758,'Flying Spur',21600,NULL,NULL,'2017-08-17 11:14:18'),
(1759,'Ghost',21600,NULL,NULL,'2017-08-17 11:14:18'),
(1760,'Park Ward',21600,NULL,NULL,'2017-08-17 11:14:18'),
(1761,'Phantom',21600,NULL,NULL,'2017-08-17 11:14:18'),
(1762,'Silver Cloud',21600,NULL,NULL,'2017-08-17 11:14:18'),
(1763,'Silver Dawn',21600,NULL,NULL,'2017-08-17 11:14:18'),
(1764,'Silver Seraph',21600,NULL,NULL,'2017-08-17 11:14:18'),
(1765,'Silver Shadow',21600,NULL,NULL,'2017-08-17 11:14:18'),
(1766,'Silver Spirit',21600,NULL,NULL,'2017-08-17 11:14:18'),
(1767,'Silver Spur',21600,NULL,NULL,'2017-08-17 11:14:18'),
(1768,'Wraith',21600,NULL,NULL,'2017-08-17 11:14:18'),
(1769,'Other',21600,NULL,NULL,'2017-08-17 11:14:18'),
(1770,'100',21700,NULL,NULL,'2017-08-17 11:14:18'),
(1771,'111',21700,NULL,NULL,'2017-08-17 11:14:18'),
(1772,'114',21700,NULL,NULL,'2017-08-17 11:14:18'),
(1773,'115',21700,NULL,NULL,'2017-08-17 11:14:18'),
(1774,'200',21700,NULL,NULL,'2017-08-17 11:14:18'),
(1775,'213',21700,NULL,NULL,'2017-08-17 11:14:18'),
(1776,'214',21700,NULL,NULL,'2017-08-17 11:14:18'),
(1777,'216',21700,NULL,NULL,'2017-08-17 11:14:18'),
(1778,'218',21700,NULL,NULL,'2017-08-17 11:14:18'),
(1779,'220',21700,NULL,NULL,'2017-08-17 11:14:18'),
(1780,'25',21700,NULL,NULL,'2017-08-17 11:14:18'),
(1781,'400',21700,NULL,NULL,'2017-08-17 11:14:18'),
(1782,'414',21700,NULL,NULL,'2017-08-17 11:14:18'),
(1783,'416',21700,NULL,NULL,'2017-08-17 11:14:18'),
(1784,'418',21700,NULL,NULL,'2017-08-17 11:14:18'),
(1785,'420',21700,NULL,NULL,'2017-08-17 11:14:18'),
(1786,'45',21700,NULL,NULL,'2017-08-17 11:14:18'),
(1787,'600',21700,NULL,NULL,'2017-08-17 11:14:18'),
(1788,'618',21700,NULL,NULL,'2017-08-17 11:14:18'),
(1789,'620',21700,NULL,NULL,'2017-08-17 11:14:18'),
(1790,'623',21700,NULL,NULL,'2017-08-17 11:14:18'),
(1791,'75',21700,NULL,NULL,'2017-08-17 11:14:18'),
(1792,'800',21700,NULL,NULL,'2017-08-17 11:14:18'),
(1793,'820',21700,NULL,NULL,'2017-08-17 11:14:18'),
(1794,'825',21700,NULL,NULL,'2017-08-17 11:14:18'),
(1795,'827',21700,NULL,NULL,'2017-08-17 11:14:18'),
(1796,'City Rover',21700,NULL,NULL,'2017-08-17 11:14:18'),
(1797,'Metro',21700,NULL,NULL,'2017-08-17 11:14:18'),
(1798,'Montego',21700,NULL,NULL,'2017-08-17 11:14:18'),
(1799,'SD',21700,NULL,NULL,'2017-08-17 11:14:18'),
(1800,'Streetwise',21700,NULL,NULL,'2017-08-17 11:14:18'),
(1801,'Other',21700,NULL,NULL,'2017-08-17 11:14:18'),
(1802,'Other',125,NULL,NULL,'2017-08-17 11:14:18'),
(1803,'90',21800,NULL,NULL,'2017-08-17 11:14:18'),
(1804,'900',21800,NULL,NULL,'2017-08-17 11:14:18'),
(1805,'9000',21800,NULL,NULL,'2017-08-17 11:14:18'),
(1806,'9-3',21800,NULL,NULL,'2017-08-17 11:14:18'),
(1807,'9-4X',21800,NULL,NULL,'2017-08-17 11:14:18'),
(1808,'9-5',21800,NULL,NULL,'2017-08-17 11:14:18'),
(1809,'96',21800,NULL,NULL,'2017-08-17 11:14:18'),
(1810,'9-7X',21800,NULL,NULL,'2017-08-17 11:14:18'),
(1811,'99',21800,NULL,NULL,'2017-08-17 11:14:18'),
(1812,'Other',21800,NULL,NULL,'2017-08-17 11:14:18'),
(1813,'Other',22000,NULL,NULL,'2017-08-17 11:14:18'),
(1814,'Alhambra',22500,NULL,NULL,'2017-08-17 11:14:18'),
(1815,'Altea',22500,NULL,NULL,'2017-08-17 11:14:18'),
(1816,'Arosa',22500,NULL,NULL,'2017-08-17 11:14:18'),
(1817,'Ateca',22500,NULL,NULL,'2017-08-17 11:14:18'),
(1818,'Cordoba',22500,NULL,NULL,'2017-08-17 11:14:18'),
(1819,'Exeo',22500,NULL,NULL,'2017-08-17 11:14:18'),
(1820,'Ibiza',22500,NULL,NULL,'2017-08-17 11:14:18'),
(1821,'Inca',22500,NULL,NULL,'2017-08-17 11:14:18'),
(1822,'Leon',22500,NULL,NULL,'2017-08-17 11:14:18'),
(1823,'Malaga',22500,NULL,NULL,'2017-08-17 11:14:18'),
(1824,'Marbella',22500,NULL,NULL,'2017-08-17 11:14:18'),
(1825,'Mii',22500,NULL,NULL,'2017-08-17 11:14:18'),
(1826,'Terra',22500,NULL,NULL,'2017-08-17 11:14:18'),
(1827,'Toledo',22500,NULL,NULL,'2017-08-17 11:14:18'),
(1828,'Other',22500,NULL,NULL,'2017-08-17 11:14:18'),
(1829,'105',22900,NULL,NULL,'2017-08-17 11:14:18'),
(1830,'120',22900,NULL,NULL,'2017-08-17 11:14:18'),
(1831,'130',22900,NULL,NULL,'2017-08-17 11:14:18'),
(1832,'135',22900,NULL,NULL,'2017-08-17 11:14:18'),
(1833,'Citigo',22900,NULL,NULL,'2017-08-17 11:14:18'),
(1834,'Fabia',22900,NULL,NULL,'2017-08-17 11:14:18'),
(1835,'Favorit',22900,NULL,NULL,'2017-08-17 11:14:18'),
(1836,'Felicia',22900,NULL,NULL,'2017-08-17 11:14:18'),
(1837,'Forman',22900,NULL,NULL,'2017-08-17 11:14:18'),
(1838,'Kodiaq',22900,NULL,NULL,'2017-08-17 11:14:18'),
(1839,'Octavia',22900,NULL,NULL,'2017-08-17 11:14:18'),
(1840,'Pick-up',22900,NULL,NULL,'2017-08-17 11:14:18'),
(1841,'Praktik',22900,NULL,NULL,'2017-08-17 11:14:18'),
(1842,'Rapid',22900,NULL,NULL,'2017-08-17 11:14:18'),
(1843,'Roomster',22900,NULL,NULL,'2017-08-17 11:14:18'),
(1844,'Superb',22900,NULL,NULL,'2017-08-17 11:14:18'),
(1845,'Yeti',22900,NULL,NULL,'2017-08-17 11:14:18'),
(1846,'Other',22900,NULL,NULL,'2017-08-17 11:14:18'),
(1847,'Crossblade',23000,NULL,NULL,'2017-08-17 11:14:18'),
(1848,'ForFour',23000,NULL,NULL,'2017-08-17 11:14:18'),
(1849,'ForTwo',23000,NULL,NULL,'2017-08-17 11:14:18'),
(1850,'Roadster',23000,NULL,NULL,'2017-08-17 11:14:18'),
(1851,'Other',23000,NULL,NULL,'2017-08-17 11:14:18'),
(1852,'Other',188,NULL,NULL,'2017-08-17 11:14:18'),
(1853,'C8',100,NULL,NULL,'2017-08-17 11:14:18'),
(1854,'C8 AILERON',100,NULL,NULL,'2017-08-17 11:14:18'),
(1855,'C8 DOUBLE 12 S',100,NULL,NULL,'2017-08-17 11:14:18'),
(1856,'C8 LAVIOLETTE SWB',100,NULL,NULL,'2017-08-17 11:14:18'),
(1857,'C8 SPYDER SWB',100,NULL,NULL,'2017-08-17 11:14:18'),
(1858,'Other',100,NULL,NULL,'2017-08-17 11:14:18'),
(1859,'Actyon',23100,NULL,NULL,'2017-08-17 11:14:18'),
(1860,'Family',23100,NULL,NULL,'2017-08-17 11:14:18'),
(1861,'Korando',23100,NULL,NULL,'2017-08-17 11:14:18'),
(1862,'Kyron',23100,NULL,NULL,'2017-08-17 11:14:18'),
(1863,'MUSSO',23100,NULL,NULL,'2017-08-17 11:14:18'),
(1864,'REXTON',23100,NULL,NULL,'2017-08-17 11:14:18'),
(1865,'Rodius',23100,NULL,NULL,'2017-08-17 11:14:18'),
(1866,'Tivoli',23100,NULL,NULL,'2017-08-17 11:14:18'),
(1867,'XLV',23100,NULL,NULL,'2017-08-17 11:14:18'),
(1868,'Other',23100,NULL,NULL,'2017-08-17 11:14:18'),
(1869,'B9 Tribeca',23500,NULL,NULL,'2017-08-17 11:14:18'),
(1870,'Baja',23500,NULL,NULL,'2017-08-17 11:14:18'),
(1871,'BRZ',23500,NULL,NULL,'2017-08-17 11:14:18'),
(1872,'Forester',23500,NULL,NULL,'2017-08-17 11:14:18'),
(1873,'Impreza',23500,NULL,NULL,'2017-08-17 11:14:18'),
(1874,'Justy',23500,NULL,NULL,'2017-08-17 11:14:18'),
(1875,'Legacy',23500,NULL,NULL,'2017-08-17 11:14:18'),
(1876,'Levorg',23500,NULL,NULL,'2017-08-17 11:14:18'),
(1877,'Libero',23500,NULL,NULL,'2017-08-17 11:14:18'),
(1878,'OUTBACK',23500,NULL,NULL,'2017-08-17 11:14:18'),
(1879,'SVX',23500,NULL,NULL,'2017-08-17 11:14:18'),
(1880,'Trezia',23500,NULL,NULL,'2017-08-17 11:14:18'),
(1881,'Tribeca',23500,NULL,NULL,'2017-08-17 11:14:18'),
(1882,'Vivio',23500,NULL,NULL,'2017-08-17 11:14:18'),
(1883,'WRX STI',23500,NULL,NULL,'2017-08-17 11:14:18'),
(1884,'XT',23500,NULL,NULL,'2017-08-17 11:14:18'),
(1885,'XV',23500,NULL,NULL,'2017-08-17 11:14:18'),
(1886,'Other',23500,NULL,NULL,'2017-08-17 11:14:18'),
(1887,'Alto',23600,NULL,NULL,'2017-08-17 11:14:18'),
(1888,'Baleno',23600,NULL,NULL,'2017-08-17 11:14:18'),
(1889,'Cappuccino',23600,NULL,NULL,'2017-08-17 11:14:18'),
(1890,'Carry',23600,NULL,NULL,'2017-08-17 11:14:18'),
(1891,'Celerio',23600,NULL,NULL,'2017-08-17 11:14:18'),
(1892,'Grand Vitara',23600,NULL,NULL,'2017-08-17 11:14:18'),
(1893,'Ignis',23600,NULL,NULL,'2017-08-17 11:14:18'),
(1894,'iK-2',23600,NULL,NULL,'2017-08-17 11:14:18'),
(1895,'Jimny',23600,NULL,NULL,'2017-08-17 11:14:18'),
(1896,'Kizashi',23600,NULL,NULL,'2017-08-17 11:14:18'),
(1897,'Liana',23600,NULL,NULL,'2017-08-17 11:14:18'),
(1898,'LJ',23600,NULL,NULL,'2017-08-17 11:14:18'),
(1899,'SJ Samurai',23600,NULL,NULL,'2017-08-17 11:14:18'),
(1900,'Splash',23600,NULL,NULL,'2017-08-17 11:14:18'),
(1901,'Super-Carry',23600,NULL,NULL,'2017-08-17 11:14:18'),
(1902,'Swift',23600,NULL,NULL,'2017-08-17 11:14:18'),
(1903,'SX4',23600,NULL,NULL,'2017-08-17 11:14:18'),
(1904,'SX4 S-Cross',23600,NULL,NULL,'2017-08-17 11:14:18'),
(1905,'Vitara',23600,NULL,NULL,'2017-08-17 11:14:18'),
(1906,'Wagon R+',23600,NULL,NULL,'2017-08-17 11:14:18'),
(1907,'X-90',23600,NULL,NULL,'2017-08-17 11:14:18'),
(1908,'Other',23600,NULL,NULL,'2017-08-17 11:14:18'),
(1909,'Horizon',23800,NULL,NULL,'2017-08-17 11:14:18'),
(1910,'Samba',23800,NULL,NULL,'2017-08-17 11:14:18'),
(1911,'Other',23800,NULL,NULL,'2017-08-17 11:14:18'),
(1912,'Indica',23825,NULL,NULL,'2017-08-17 11:14:18'),
(1913,'Indigo',23825,NULL,NULL,'2017-08-17 11:14:18'),
(1914,'Nano',23825,NULL,NULL,'2017-08-17 11:14:18'),
(1915,'Safari',23825,NULL,NULL,'2017-08-17 11:14:18'),
(1916,'Sumo',23825,NULL,NULL,'2017-08-17 11:14:18'),
(1917,'Telcoline',23825,NULL,NULL,'2017-08-17 11:14:18'),
(1918,'Telcosport',23825,NULL,NULL,'2017-08-17 11:14:18'),
(1919,'Xenon',23825,NULL,NULL,'2017-08-17 11:14:18'),
(1920,'Other',23825,NULL,NULL,'2017-08-17 11:14:18'),
(1921,'Other',189,NULL,NULL,'2017-08-17 11:14:18'),
(1922,'Model 3',135,NULL,NULL,'2017-08-17 11:14:18'),
(1923,'Model S',135,NULL,NULL,'2017-08-17 11:14:18'),
(1924,'Model X',135,NULL,NULL,'2017-08-17 11:14:18'),
(1925,'Roadster',135,NULL,NULL,'2017-08-17 11:14:18'),
(1926,'Other',135,NULL,NULL,'2017-08-17 11:14:18'),
(1927,'4-Runner',24100,NULL,NULL,'2017-08-17 11:14:18'),
(1928,'Alphard',24100,NULL,NULL,'2017-08-17 11:14:18'),
(1929,'Auris',24100,NULL,NULL,'2017-08-17 11:14:18'),
(1930,'Auris Touring Sports',24100,NULL,NULL,'2017-08-17 11:14:18'),
(1931,'Avalon',24100,NULL,NULL,'2017-08-17 11:14:18'),
(1932,'Avensis',24100,NULL,NULL,'2017-08-17 11:14:18'),
(1933,'Avensis Verso',24100,NULL,NULL,'2017-08-17 11:14:18'),
(1934,'Aygo',24100,NULL,NULL,'2017-08-17 11:14:18'),
(1935,'Camry',24100,NULL,NULL,'2017-08-17 11:14:18'),
(1936,'Carina',24100,NULL,NULL,'2017-08-17 11:14:18'),
(1937,'Celica',24100,NULL,NULL,'2017-08-17 11:14:18'),
(1938,'C-HR',24100,NULL,NULL,'2017-08-17 11:14:18'),
(1939,'Corolla',24100,NULL,NULL,'2017-08-17 11:14:18'),
(1940,'Corolla Verso',24100,NULL,NULL,'2017-08-17 11:14:18'),
(1941,'Cressida',24100,NULL,NULL,'2017-08-17 11:14:18'),
(1942,'Crown',24100,NULL,NULL,'2017-08-17 11:14:18'),
(1943,'Dyna',24100,NULL,NULL,'2017-08-17 11:14:18'),
(1944,'FCV',24100,NULL,NULL,'2017-08-17 11:14:18'),
(1945,'FJ',24100,NULL,NULL,'2017-08-17 11:14:18'),
(1946,'Fortuner',24100,NULL,NULL,'2017-08-17 11:14:18'),
(1947,'GT86',24100,NULL,NULL,'2017-08-17 11:14:18'),
(1948,'Hiace',24100,NULL,NULL,'2017-08-17 11:14:18'),
(1949,'Highlander',24100,NULL,NULL,'2017-08-17 11:14:18'),
(1950,'Hilux',24100,NULL,NULL,'2017-08-17 11:14:18'),
(1951,'IQ',24100,NULL,NULL,'2017-08-17 11:14:18'),
(1952,'Land Cruiser',24100,NULL,NULL,'2017-08-17 11:14:18'),
(1953,'Lite-Ace',24100,NULL,NULL,'2017-08-17 11:14:18'),
(1954,'Matrix',24100,NULL,NULL,'2017-08-17 11:14:18'),
(1955,'Mirai',24100,NULL,NULL,'2017-08-17 11:14:18'),
(1956,'MR 2',24100,NULL,NULL,'2017-08-17 11:14:18'),
(1957,'Paseo',24100,NULL,NULL,'2017-08-17 11:14:18'),
(1958,'Picnic',24100,NULL,NULL,'2017-08-17 11:14:18'),
(1959,'Previa',24100,NULL,NULL,'2017-08-17 11:14:18'),
(1960,'Prius',24100,NULL,NULL,'2017-08-17 11:14:18'),
(1961,'Prius+',24100,NULL,NULL,'2017-08-17 11:14:18'),
(1962,'Proace',24100,NULL,NULL,'2017-08-17 11:14:18'),
(1963,'RAV 4',24100,NULL,NULL,'2017-08-17 11:14:18'),
(1964,'Sequoia',24100,NULL,NULL,'2017-08-17 11:14:18'),
(1965,'Sienna',24100,NULL,NULL,'2017-08-17 11:14:18'),
(1966,'Starlet',24100,NULL,NULL,'2017-08-17 11:14:18'),
(1967,'Supra',24100,NULL,NULL,'2017-08-17 11:14:18'),
(1968,'Tacoma',24100,NULL,NULL,'2017-08-17 11:14:18'),
(1969,'Tercel',24100,NULL,NULL,'2017-08-17 11:14:18'),
(1970,'Tundra',24100,NULL,NULL,'2017-08-17 11:14:18'),
(1971,'Urban Cruiser',24100,NULL,NULL,'2017-08-17 11:14:18'),
(1972,'Verso',24100,NULL,NULL,'2017-08-17 11:14:18'),
(1973,'Verso-S',24100,NULL,NULL,'2017-08-17 11:14:18'),
(1974,'Yaris',24100,NULL,NULL,'2017-08-17 11:14:18'),
(1975,'Other',24100,NULL,NULL,'2017-08-17 11:14:18'),
(1976,'601',24200,NULL,NULL,'2017-08-17 11:14:18'),
(1977,'Other',24200,NULL,NULL,'2017-08-17 11:14:18'),
(1978,'Dolomite',24400,NULL,NULL,'2017-08-17 11:14:18'),
(1979,'Moss',24400,NULL,NULL,'2017-08-17 11:14:18'),
(1980,'Spitfire',24400,NULL,NULL,'2017-08-17 11:14:18'),
(1981,'TR3',24400,NULL,NULL,'2017-08-17 11:14:18'),
(1982,'TR4',24400,NULL,NULL,'2017-08-17 11:14:18'),
(1983,'TR5',24400,NULL,NULL,'2017-08-17 11:14:18'),
(1984,'TR6',24400,NULL,NULL,'2017-08-17 11:14:18'),
(1985,'TR7',24400,NULL,NULL,'2017-08-17 11:14:18'),
(1986,'TR8',24400,NULL,NULL,'2017-08-17 11:14:18'),
(1987,'Other',24400,NULL,NULL,'2017-08-17 11:14:18'),
(1988,'Chimaera',24500,NULL,NULL,'2017-08-17 11:14:18'),
(1989,'Griffith',24500,NULL,NULL,'2017-08-17 11:14:18'),
(1990,'Tuscan',24500,NULL,NULL,'2017-08-17 11:14:18'),
(1991,'Other',24500,NULL,NULL,'2017-08-17 11:14:18'),
(1992,'181',25200,NULL,NULL,'2017-08-17 11:14:18'),
(1993,'Amarok',25200,NULL,NULL,'2017-08-17 11:14:18'),
(1994,'Arteon',25200,NULL,NULL,'2017-08-17 11:14:18'),
(1995,'Beetle',25200,NULL,NULL,'2017-08-17 11:14:18'),
(1996,'Bora',25200,NULL,NULL,'2017-08-17 11:14:18'),
(1997,'Buggy',25200,NULL,NULL,'2017-08-17 11:14:18'),
(1998,'Caddy',25200,NULL,NULL,'2017-08-17 11:14:18'),
(1999,'CC',25200,NULL,NULL,'2017-08-17 11:14:18'),
(2000,'Corrado',25200,NULL,NULL,'2017-08-17 11:14:18'),
(2001,'Crafter',25200,NULL,NULL,'2017-08-17 11:14:18'),
(2002,'Eos',25200,NULL,NULL,'2017-08-17 11:14:18'),
(2003,'Fox',25200,NULL,NULL,'2017-08-17 11:14:18'),
(2004,'Golf',25200,NULL,NULL,'2017-08-17 11:14:18'),
(2005,'Golf',25200,NULL,NULL,'2017-08-17 11:14:18'),
(2006,'Golf Plus',25200,NULL,NULL,'2017-08-17 11:14:18'),
(2007,'Golf Sportsvan',25200,NULL,NULL,'2017-08-17 11:14:18'),
(2008,'Iltis',25200,NULL,NULL,'2017-08-17 11:14:18'),
(2009,'Jetta',25200,NULL,NULL,'2017-08-17 11:14:18'),
(2010,'Käfer',25200,NULL,NULL,'2017-08-17 11:14:18'),
(2011,'Karmann Ghia',25200,NULL,NULL,'2017-08-17 11:14:18'),
(2012,'LT',25200,NULL,NULL,'2017-08-17 11:14:18'),
(2013,'Lupo',25200,NULL,NULL,'2017-08-17 11:14:18'),
(2014,'New Beetle',25200,NULL,NULL,'2017-08-17 11:14:18'),
(2015,'Passat',25200,NULL,NULL,'2017-08-17 11:14:18'),
(2016,'Passat',25200,NULL,NULL,'2017-08-17 11:14:18'),
(2017,'Passat Alltrack',25200,NULL,NULL,'2017-08-17 11:14:18'),
(2018,'Passat CC',25200,NULL,NULL,'2017-08-17 11:14:18'),
(2019,'Passat Variant',25200,NULL,NULL,'2017-08-17 11:14:18'),
(2020,'Phaeton',25200,NULL,NULL,'2017-08-17 11:14:18'),
(2021,'Polo',25200,NULL,NULL,'2017-08-17 11:14:18'),
(2022,'Routan',25200,NULL,NULL,'2017-08-17 11:14:18'),
(2023,'Santana',25200,NULL,NULL,'2017-08-17 11:14:18'),
(2024,'Scirocco',25200,NULL,NULL,'2017-08-17 11:14:18'),
(2025,'Sharan',25200,NULL,NULL,'2017-08-17 11:14:18'),
(2026,'T1',25200,NULL,NULL,'2017-08-17 11:14:18'),
(2027,'T2',25200,NULL,NULL,'2017-08-17 11:14:18'),
(2028,'T3',25200,NULL,NULL,'2017-08-17 11:14:18'),
(2029,'T3 Caravelle',25200,NULL,NULL,'2017-08-17 11:14:18'),
(2030,'T3 Kombi',25200,NULL,NULL,'2017-08-17 11:14:18'),
(2031,'T3 Multivan',25200,NULL,NULL,'2017-08-17 11:14:18'),
(2032,'T3 other',25200,NULL,NULL,'2017-08-17 11:14:18'),
(2033,'T4',25200,NULL,NULL,'2017-08-17 11:14:18'),
(2034,'T4 California',25200,NULL,NULL,'2017-08-17 11:14:18'),
(2035,'T4 Caravelle',25200,NULL,NULL,'2017-08-17 11:14:18'),
(2036,'T4 Kombi',25200,NULL,NULL,'2017-08-17 11:14:18'),
(2037,'T4 Multivan',25200,NULL,NULL,'2017-08-17 11:14:18'),
(2038,'T4 other',25200,NULL,NULL,'2017-08-17 11:14:18'),
(2039,'T5',25200,NULL,NULL,'2017-08-17 11:14:18'),
(2040,'T5 California',25200,NULL,NULL,'2017-08-17 11:14:18'),
(2041,'T5 Caravelle',25200,NULL,NULL,'2017-08-17 11:14:18'),
(2042,'T5 Kombi',25200,NULL,NULL,'2017-08-17 11:14:18'),
(2043,'T5 Multivan',25200,NULL,NULL,'2017-08-17 11:14:18'),
(2044,'T5 other',25200,NULL,NULL,'2017-08-17 11:14:18'),
(2045,'T5 Shuttle',25200,NULL,NULL,'2017-08-17 11:14:18'),
(2046,'T5 Transporter',25200,NULL,NULL,'2017-08-17 11:14:18'),
(2047,'T6',25200,NULL,NULL,'2017-08-17 11:14:18'),
(2048,'T6 California',25200,NULL,NULL,'2017-08-17 11:14:18'),
(2049,'T6 Caravelle',25200,NULL,NULL,'2017-08-17 11:14:18'),
(2050,'T6 Kombi',25200,NULL,NULL,'2017-08-17 11:14:18'),
(2051,'T6 Multivan',25200,NULL,NULL,'2017-08-17 11:14:18'),
(2052,'T6 other',25200,NULL,NULL,'2017-08-17 11:14:18'),
(2053,'T6 Transporter',25200,NULL,NULL,'2017-08-17 11:14:18'),
(2054,'Taro',25200,NULL,NULL,'2017-08-17 11:14:18'),
(2055,'Tiguan',25200,NULL,NULL,'2017-08-17 11:14:18'),
(2056,'Touareg',25200,NULL,NULL,'2017-08-17 11:14:18'),
(2057,'Touran',25200,NULL,NULL,'2017-08-17 11:14:18'),
(2058,'up!',25200,NULL,NULL,'2017-08-17 11:14:18'),
(2059,'Vento',25200,NULL,NULL,'2017-08-17 11:14:18'),
(2060,'XL1',25200,NULL,NULL,'2017-08-17 11:14:18'),
(2061,'Other',25200,NULL,NULL,'2017-08-17 11:14:18'),
(2062,'240',25100,NULL,NULL,'2017-08-17 11:14:18'),
(2063,'244',25100,NULL,NULL,'2017-08-17 11:14:18'),
(2064,'245',25100,NULL,NULL,'2017-08-17 11:14:18'),
(2065,'262',25100,NULL,NULL,'2017-08-17 11:14:18'),
(2066,'264',25100,NULL,NULL,'2017-08-17 11:14:18'),
(2067,'340',25100,NULL,NULL,'2017-08-17 11:14:18'),
(2068,'360',25100,NULL,NULL,'2017-08-17 11:14:18'),
(2069,'440',25100,NULL,NULL,'2017-08-17 11:14:18'),
(2070,'460',25100,NULL,NULL,'2017-08-17 11:14:18'),
(2071,'480',25100,NULL,NULL,'2017-08-17 11:14:18'),
(2072,'740',25100,NULL,NULL,'2017-08-17 11:14:18'),
(2073,'744',25100,NULL,NULL,'2017-08-17 11:14:18'),
(2074,'745',25100,NULL,NULL,'2017-08-17 11:14:18'),
(2075,'760',25100,NULL,NULL,'2017-08-17 11:14:18'),
(2076,'780',25100,NULL,NULL,'2017-08-17 11:14:18'),
(2077,'850',25100,NULL,NULL,'2017-08-17 11:14:18'),
(2078,'855',25100,NULL,NULL,'2017-08-17 11:14:18'),
(2079,'940',25100,NULL,NULL,'2017-08-17 11:14:18'),
(2080,'944',25100,NULL,NULL,'2017-08-17 11:14:18'),
(2081,'945',25100,NULL,NULL,'2017-08-17 11:14:18'),
(2082,'960',25100,NULL,NULL,'2017-08-17 11:14:18'),
(2083,'965',25100,NULL,NULL,'2017-08-17 11:14:18'),
(2084,'Amazon',25100,NULL,NULL,'2017-08-17 11:14:18'),
(2085,'C30',25100,NULL,NULL,'2017-08-17 11:14:18'),
(2086,'C70',25100,NULL,NULL,'2017-08-17 11:14:18'),
(2087,'Polar',25100,NULL,NULL,'2017-08-17 11:14:18'),
(2088,'S40',25100,NULL,NULL,'2017-08-17 11:14:18'),
(2089,'S60',25100,NULL,NULL,'2017-08-17 11:14:18'),
(2090,'S60 Cross Country',25100,NULL,NULL,'2017-08-17 11:14:18'),
(2091,'S70',25100,NULL,NULL,'2017-08-17 11:14:18'),
(2092,'S80',25100,NULL,NULL,'2017-08-17 11:14:18'),
(2093,'S90',25100,NULL,NULL,'2017-08-17 11:14:18'),
(2094,'V40',25100,NULL,NULL,'2017-08-17 11:14:18'),
(2095,'V40 Cross Country',25100,NULL,NULL,'2017-08-17 11:14:18'),
(2096,'V50',25100,NULL,NULL,'2017-08-17 11:14:18'),
(2097,'V60',25100,NULL,NULL,'2017-08-17 11:14:18'),
(2098,'V60 Cross Country',25100,NULL,NULL,'2017-08-17 11:14:18'),
(2099,'V70',25100,NULL,NULL,'2017-08-17 11:14:18'),
(2100,'V90',25100,NULL,NULL,'2017-08-17 11:14:18'),
(2101,'V90 Cross Country',25100,NULL,NULL,'2017-08-17 11:14:18'),
(2102,'XC60',25100,NULL,NULL,'2017-08-17 11:14:18'),
(2103,'XC70',25100,NULL,NULL,'2017-08-17 11:14:18'),
(2104,'XC90',25100,NULL,NULL,'2017-08-17 11:14:18'),
(2105,'Other',25100,NULL,NULL,'2017-08-17 11:14:18'),
(2106,'311',25300,NULL,NULL,'2017-08-17 11:14:18'),
(2107,'353',25300,NULL,NULL,'2017-08-17 11:14:18'),
(2108,'Other',25300,NULL,NULL,'2017-08-17 11:14:18'),
(2109,'Other',113,NULL,NULL,'2017-08-17 11:14:18'),
(2110,'MF 25',25650,NULL,NULL,'2017-08-17 11:14:18'),
(2111,'MF 28',25650,NULL,NULL,'2017-08-17 11:14:18'),
(2112,'MF 3',25650,NULL,NULL,'2017-08-17 11:14:18'),
(2113,'MF 30',25650,NULL,NULL,'2017-08-17 11:14:18'),
(2114,'MF 35',25650,NULL,NULL,'2017-08-17 11:14:18'),
(2115,'MF 4',25650,NULL,NULL,'2017-08-17 11:14:18'),
(2116,'MF 5',25650,NULL,NULL,'2017-08-17 11:14:18'),
(2117,'Other',25650,NULL,NULL,'2017-08-17 11:14:18'),
(2118,'Other',1400,NULL,NULL,'2017-08-17 11:14:18');

/*!40101 SET SQL_MODE=@OLD_SQL_MODE */;
/*!40014 SET FOREIGN_KEY_CHECKS=@OLD_FOREIGN_KEY_CHECKS */;
/*!40014 SET UNIQUE_CHECKS=@OLD_UNIQUE_CHECKS */;
/*!40111 SET SQL_NOTES=@OLD_SQL_NOTES */;
